time_ms,speed_rpm,time_s,input_norm,output_norm
10,0.0,0.0,0.6862745098039216,0.0
632,17.14,0.01,0.6862745098039216,0.16663426015944002
642,0.0,0.02,0.6862745098039216,0.0
652,17.14,0.03,0.6862745098039216,0.16663426015944002
662,34.29,0.04,0.6862745098039216,0.33336573984056
672,17.14,0.05,0.6862745098039216,0.16663426015944002
683,51.43,0.06,0.6862745098039216,0.5
693,34.29,0.07,0.6862745098039216,0.33336573984056
703,51.43,0.08,0.6862745098039216,0.5
713,51.43,0.09,0.6862745098039216,0.5
723,51.43,0.1,0.6862745098039216,0.5
733,51.43,0.11,0.6862745098039216,0.5
743,68.57,0.12,0.6862745098039216,0.6666342601594399
753,68.57,0.13,0.6862745098039216,0.6666342601594399
763,68.57,0.14,0.6862745098039216,0.6666342601594399
773,68.57,0.15,0.6862745098039216,0.6666342601594399
783,85.71,0.16,0.6862745098039216,0.83326852031888
793,68.57,0.17,0.6862745098039216,0.6666342601594399
803,85.71,0.18,0.6862745098039216,0.83326852031888
813,68.57,0.19,0.6862745098039216,0.6666342601594399
823,85.71,0.2,0.6862745098039216,0.83326852031888
833,85.71,0.21,0.6862745098039216,0.83326852031888
843,85.71,0.22,0.6862745098039216,0.83326852031888
854,85.71,0.23,0.6862745098039216,0.83326852031888
864,85.71,0.24,0.6862745098039216,0.83326852031888
874,85.71,0.25,0.6862745098039216,0.83326852031888
884,85.71,0.26,0.6862745098039216,0.83326852031888
894,102.86,0.27,0.6862745098039216,1.0
904,68.57,0.28,0.6862745098039216,0.6666342601594399
914,85.71,0.29,0.6862745098039216,0.83326852031888
924,102.86,0.3,0.6862745098039216,1.0
934,85.71,0.31,0.6862745098039216,0.83326852031888
944,85.71,0.32,0.6862745098039216,0.83326852031888
954,85.71,0.33,0.6862745098039216,0.83326852031888
964,85.71,0.34,0.6862745098039216,0.83326852031888
974,102.86,0.35000000000000003,0.6862745098039216,1.0
984,68.57,0.36,0.6862745098039216,0.6666342601594399
994,102.86,0.37,0.6862745098039216,1.0
1004,85.71,0.38,0.6862745098039216,0.83326852031888
1014,85.71,0.39,0.6862745098039216,0.83326852031888
1024,85.71,0.4,0.6862745098039216,0.83326852031888
1034,85.71,0.41000000000000003,0.6862745098039216,0.83326852031888
1044,102.86,0.42,0.6862745098039216,1.0
1054,85.71,0.43,0.6862745098039216,0.83326852031888
1064,85.71,0.44,0.6862745098039216,0.83326852031888
1074,85.71,0.45,0.6862745098039216,0.83326852031888
1084,85.71,0.46,0.6862745098039216,0.83326852031888
1094,102.86,0.47000000000000003,0.6862745098039216,1.0
1104,85.71,0.48,0.6862745098039216,0.83326852031888
1114,85.71,0.49,0.6862745098039216,0.83326852031888
1124,85.71,0.5,0.6862745098039216,0.83326852031888
1134,102.86,0.51,0.6862745098039216,1.0
1144,85.71,0.52,0.6862745098039216,0.83326852031888
1154,85.71,0.53,0.6862745098039216,0.83326852031888
1164,85.71,0.54,0.6862745098039216,0.83326852031888
1174,85.71,0.55,0.6862745098039216,0.83326852031888
1184,102.86,0.56,0.6862745098039216,1.0
1195,85.71,0.5700000000000001,0.6862745098039216,0.83326852031888
1205,85.71,0.58,0.6862745098039216,0.83326852031888
1215,102.86,0.59,0.6862745098039216,1.0
1225,85.71,0.6,0.6862745098039216,0.83326852031888
1235,85.71,0.61,0.6862745098039216,0.83326852031888
1245,85.71,0.62,0.6862745098039216,0.83326852031888
1255,85.71,0.63,0.6862745098039216,0.83326852031888
1265,102.86,0.64,0.6862745098039216,1.0
1275,85.71,0.65,0.6862745098039216,0.83326852031888
1285,85.71,0.66,0.6862745098039216,0.83326852031888
1295,85.71,0.67,0.6862745098039216,0.83326852031888
1305,102.86,0.68,0.6862745098039216,1.0
1315,85.71,0.6900000000000001,0.6862745098039216,0.83326852031888
1325,85.71,0.7000000000000001,0.6862745098039216,0.83326852031888
1335,85.71,0.71,0.6862745098039216,0.83326852031888
1345,85.71,0.72,0.6862745098039216,0.83326852031888
1355,102.86,0.73,0.6862745098039216,1.0
1366,85.71,0.74,0.6862745098039216,0.83326852031888
1376,85.71,0.75,0.6862745098039216,0.83326852031888
1386,102.86,0.76,0.6862745098039216,1.0
1396,85.71,0.77,0.6862745098039216,0.83326852031888
1406,85.71,0.78,0.6862745098039216,0.83326852031888
1416,85.71,0.79,0.6862745098039216,0.83326852031888
1426,85.71,0.8,0.6862745098039216,0.83326852031888
1436,102.86,0.81,0.6862745098039216,1.0
1446,85.71,0.8200000000000001,0.6862745098039216,0.83326852031888
1456,85.71,0.8300000000000001,0.6862745098039216,0.83326852031888
1466,85.71,0.84,0.6862745098039216,0.83326852031888
1476,85.71,0.85,0.6862745098039216,0.83326852031888
1486,102.86,0.86,0.6862745098039216,1.0
1496,85.71,0.87,0.6862745098039216,0.83326852031888
1506,85.71,0.88,0.6862745098039216,0.83326852031888
1516,85.71,0.89,0.6862745098039216,0.83326852031888
1526,102.86,0.9,0.6862745098039216,1.0
1536,68.57,0.91,0.6862745098039216,0.6666342601594399
1546,102.86,0.92,0.6862745098039216,1.0
1556,85.71,0.93,0.6862745098039216,0.83326852031888
1566,85.71,0.9400000000000001,0.6862745098039216,0.83326852031888
1576,102.86,0.9500000000000001,0.6862745098039216,1.0
1586,68.57,0.96,0.6862745098039216,0.6666342601594399
1596,102.86,0.97,0.6862745098039216,1.0
1606,85.71,0.98,0.6862745098039216,0.83326852031888
1616,85.71,0.99,0.6862745098039216,0.83326852031888
1626,85.71,1.0,0.6862745098039216,0.83326852031888
1636,102.86,1.01,0.6862745098039216,1.0
1646,85.71,1.02,0.6862745098039216,0.83326852031888
1656,85.71,1.03,0.6862745098039216,0.83326852031888
1666,85.71,1.04,0.6862745098039216,0.83326852031888
1676,85.71,1.05,0.6862745098039216,0.83326852031888
1686,102.86,1.06,0.6862745098039216,1.0
1696,85.71,1.07,0.6862745098039216,0.83326852031888
1707,85.71,1.08,0.6862745098039216,0.83326852031888
1717,102.86,1.09,0.6862745098039216,1.0
1727,85.71,1.1,0.6862745098039216,0.83326852031888
1737,85.71,1.11,0.6862745098039216,0.83326852031888
1747,102.86,1.12,0.6862745098039216,1.0
1757,68.57,1.1300000000000001,0.6862745098039216,0.6666342601594399
1767,102.86,1.1400000000000001,0.6862745098039216,1.0
1777,85.71,1.1500000000000001,0.6862745098039216,0.83326852031888
1787,85.71,1.16,0.6862745098039216,0.83326852031888
1797,85.71,1.17,0.6862745098039216,0.83326852031888
1807,85.71,1.18,0.6862745098039216,0.83326852031888
1817,102.86,1.19,0.6862745098039216,1.0
1827,85.71,1.2,0.6862745098039216,0.83326852031888
1837,85.71,1.21,0.6862745098039216,0.83326852031888
1847,85.71,1.22,0.6862745098039216,0.83326852031888
1857,102.86,1.23,0.6862745098039216,1.0
1867,85.71,1.24,0.6862745098039216,0.83326852031888
1878,85.71,1.25,0.6862745098039216,0.83326852031888
1888,85.71,1.26,0.6862745098039216,0.83326852031888
1898,102.86,1.27,0.6862745098039216,1.0
1908,85.71,1.28,0.6862745098039216,0.83326852031888
1918,85.71,1.29,0.6862745098039216,0.83326852031888
1928,85.71,1.3,0.6862745098039216,0.83326852031888
1938,102.86,1.31,0.6862745098039216,1.0
1948,85.71,1.32,0.6862745098039216,0.83326852031888
1958,85.71,1.33,0.6862745098039216,0.83326852031888
1968,85.71,1.34,0.6862745098039216,0.83326852031888
1978,85.71,1.35,0.6862745098039216,0.83326852031888
1988,102.86,1.36,0.6862745098039216,1.0
1998,85.71,1.37,0.6862745098039216,0.83326852031888
2008,85.71,1.3800000000000001,0.6862745098039216,0.83326852031888
2018,85.71,1.3900000000000001,0.6862745098039216,0.83326852031888
2028,102.86,1.4000000000000001,0.6862745098039216,1.0
2038,85.71,1.41,0.6862745098039216,0.83326852031888
2048,85.71,1.42,0.6862745098039216,0.83326852031888
2058,85.71,1.43,0.6862745098039216,0.83326852031888
2068,85.71,1.44,0.6862745098039216,0.83326852031888
2078,102.86,1.45,0.6862745098039216,1.0
2088,85.71,1.46,0.6862745098039216,0.83326852031888
2098,85.71,1.47,0.6862745098039216,0.83326852031888
2108,85.71,1.48,0.6862745098039216,0.83326852031888
2118,85.71,1.49,0.6862745098039216,0.83326852031888
2128,102.86,1.5,0.6862745098039216,1.0
2138,68.57,1.51,0.6862745098039216,0.6666342601594399
2148,102.86,1.52,0.6862745098039216,1.0
2158,85.71,1.53,0.6862745098039216,0.83326852031888
2168,85.71,1.54,0.6862745098039216,0.83326852031888
2178,85.71,1.55,0.6862745098039216,0.83326852031888
2188,85.71,1.56,0.6862745098039216,0.83326852031888
2198,102.86,1.57,0.6862745098039216,1.0
2208,85.71,1.58,0.6862745098039216,0.83326852031888
2219,85.71,1.59,0.6862745098039216,0.83326852031888
2229,102.86,1.6,0.6862745098039216,1.0
2239,85.71,1.61,0.6862745098039216,0.83326852031888
2249,85.71,1.62,0.6862745098039216,0.83326852031888
2259,102.86,1.6300000000000001,0.6862745098039216,1.0
2269,85.71,1.6400000000000001,0.6862745098039216,0.83326852031888
2279,85.71,1.6500000000000001,0.6862745098039216,0.83326852031888
2289,85.71,1.6600000000000001,0.6862745098039216,0.83326852031888
2299,85.71,1.67,0.6862745098039216,0.83326852031888
2309,85.71,1.68,0.6862745098039216,0.83326852031888
2319,102.86,1.69,0.6862745098039216,1.0
2329,85.71,1.7,0.6862745098039216,0.83326852031888
2339,85.71,1.71,0.6862745098039216,0.83326852031888
2349,85.71,1.72,0.6862745098039216,0.83326852031888
2359,85.71,1.73,0.6862745098039216,0.83326852031888
2369,102.86,1.74,0.6862745098039216,1.0
2379,85.71,1.75,0.6862745098039216,0.83326852031888
2390,85.71,1.76,0.6862745098039216,0.83326852031888
2400,102.86,1.77,0.6862745098039216,1.0
2410,85.71,1.78,0.6862745098039216,0.83326852031888
2420,85.71,1.79,0.6862745098039216,0.83326852031888
2430,102.86,1.8,0.6862745098039216,1.0
2440,68.57,1.81,0.6862745098039216,0.6666342601594399
2450,102.86,1.82,0.6862745098039216,1.0
2460,85.71,1.83,0.6862745098039216,0.83326852031888
2470,85.71,1.84,0.6862745098039216,0.83326852031888
2480,85.71,1.85,0.6862745098039216,0.83326852031888
2490,85.71,1.86,0.6862745098039216,0.83326852031888
2500,102.86,1.87,0.6862745098039216,1.0
2510,85.71,1.8800000000000001,0.6862745098039216,0.83326852031888
2520,85.71,1.8900000000000001,0.6862745098039216,0.83326852031888
2530,85.71,1.9000000000000001,0.6862745098039216,0.83326852031888
2540,85.71,1.9100000000000001,0.6862745098039216,0.83326852031888
2550,102.86,1.92,0.6862745098039216,1.0
2560,85.71,1.93,0.6862745098039216,0.83326852031888
2570,85.71,1.94,0.6862745098039216,0.83326852031888
2580,85.71,1.95,0.6862745098039216,0.83326852031888
2590,102.86,1.96,0.6862745098039216,1.0
2600,85.71,1.97,0.6862745098039216,0.83326852031888
2610,85.71,1.98,0.6862745098039216,0.83326852031888
2620,85.71,1.99,0.6862745098039216,0.83326852031888
2630,85.71,2.0,0.6862745098039216,0.83326852031888
2640,102.86,2.0100000000000002,0.6862745098039216,1.0
2650,68.57,2.02,0.6862745098039216,0.6666342601594399
2660,102.86,2.0300000000000002,0.6862745098039216,1.0
2670,85.71,2.04,0.6862745098039216,0.83326852031888
2680,85.71,2.05,0.6862745098039216,0.83326852031888
2690,85.71,2.06,0.6862745098039216,0.83326852031888
2700,85.71,2.07,0.6862745098039216,0.83326852031888
2710,102.86,2.08,0.6862745098039216,1.0
2720,85.71,2.09,0.6862745098039216,0.83326852031888
2731,85.71,2.1,0.6862745098039216,0.83326852031888
2741,102.86,2.11,0.6862745098039216,1.0
2751,85.71,2.12,0.6862745098039216,0.83326852031888
2761,85.71,2.13,0.6862745098039216,0.83326852031888
2771,102.86,2.14,0.6862745098039216,1.0
2781,68.57,2.15,0.6862745098039216,0.6666342601594399
2791,102.86,2.16,0.6862745098039216,1.0
2801,85.71,2.17,0.6862745098039216,0.83326852031888
2811,85.71,2.18,0.6862745098039216,0.83326852031888
2821,85.71,2.19,0.6862745098039216,0.83326852031888
2831,85.71,2.2,0.6862745098039216,0.83326852031888
2841,102.86,2.21,0.6862745098039216,1.0
2851,85.71,2.22,0.6862745098039216,0.83326852031888
2861,85.71,2.23,0.6862745098039216,0.83326852031888
2871,85.71,2.24,0.6862745098039216,0.83326852031888
2881,85.71,2.25,0.6862745098039216,0.83326852031888
2891,102.86,2.2600000000000002,0.6862745098039216,1.0
2902,85.71,2.27,0.6862745098039216,0.83326852031888
2912,85.71,2.2800000000000002,0.6862745098039216,0.83326852031888
2922,102.86,2.29,0.6862745098039216,1.0
2932,85.71,2.3000000000000003,0.6862745098039216,0.83326852031888
2942,85.71,2.31,0.6862745098039216,0.83326852031888
2952,85.71,2.32,0.6862745098039216,0.83326852031888
2962,85.71,2.33,0.6862745098039216,0.83326852031888
2972,102.86,2.34,0.6862745098039216,1.0
2982,85.71,2.35,0.6862745098039216,0.83326852031888
2992,85.71,2.36,0.6862745098039216,0.83326852031888
3002,85.71,2.37,0.6862745098039216,0.83326852031888
3012,85.71,2.38,0.6862745098039216,0.83326852031888
3022,102.86,2.39,0.6862745098039216,1.0
3032,68.57,2.4,0.6862745098039216,0.6666342601594399
3042,102.86,2.41,0.6862745098039216,1.0
3052,85.71,2.42,0.6862745098039216,0.83326852031888
3062,85.71,2.43,0.6862745098039216,0.83326852031888
3072,85.71,2.44,0.6862745098039216,0.83326852031888
3082,102.86,2.45,0.6862745098039216,1.0
3092,85.71,2.46,0.6862745098039216,0.83326852031888
3102,85.71,2.47,0.6862745098039216,0.83326852031888
3112,85.71,2.48,0.6862745098039216,0.83326852031888
3122,85.71,2.49,0.6862745098039216,0.83326852031888
3132,102.86,2.5,0.6862745098039216,1.0
3142,85.71,2.5100000000000002,0.6862745098039216,0.83326852031888
3152,85.71,2.52,0.6862745098039216,0.83326852031888
3162,85.71,2.5300000000000002,0.6862745098039216,0.83326852031888
3172,85.71,2.54,0.6862745098039216,0.83326852031888
3182,102.86,2.5500000000000003,0.6862745098039216,1.0
3192,85.71,2.56,0.6862745098039216,0.83326852031888
3202,85.71,2.57,0.6862745098039216,0.83326852031888
3212,85.71,2.58,0.6862745098039216,0.83326852031888
3222,85.71,2.59,0.6862745098039216,0.83326852031888
3232,102.86,2.6,0.6862745098039216,1.0
3243,85.71,2.61,0.6862745098039216,0.83326852031888
3253,85.71,2.62,0.6862745098039216,0.83326852031888
3263,102.86,2.63,0.6862745098039216,1.0
3273,85.71,2.64,0.6862745098039216,0.83326852031888
3283,85.71,2.65,0.6862745098039216,0.83326852031888
3293,85.71,2.66,0.6862745098039216,0.83326852031888
3303,85.71,2.67,0.6862745098039216,0.83326852031888
3313,102.86,2.68,0.6862745098039216,1.0
3323,85.71,2.69,0.6862745098039216,0.83326852031888
3333,85.71,2.7,0.6862745098039216,0.83326852031888
3343,85.71,2.71,0.6862745098039216,0.83326852031888
3353,85.71,2.72,0.6862745098039216,0.83326852031888
3363,102.86,2.73,0.6862745098039216,1.0
3373,68.57,2.74,0.6862745098039216,0.6666342601594399
3383,102.86,2.75,0.6862745098039216,1.0
3393,85.71,2.7600000000000002,0.6862745098039216,0.83326852031888
3403,85.71,2.77,0.6862745098039216,0.83326852031888
3414,102.86,2.7800000000000002,0.6862745098039216,1.0
3424,85.71,2.79,0.6862745098039216,0.83326852031888
3434,85.71,2.8000000000000003,0.6862745098039216,0.83326852031888
3444,102.86,2.81,0.6862745098039216,1.0
3454,85.71,2.82,0.6862745098039216,0.83326852031888
3464,85.71,2.83,0.6862745098039216,0.83326852031888
3474,85.71,2.84,0.6862745098039216,0.83326852031888
3484,85.71,2.85,0.6862745098039216,0.83326852031888
3494,102.86,2.86,0.6862745098039216,1.0
3504,68.57,2.87,0.6862745098039216,0.6666342601594399
3514,102.86,2.88,0.6862745098039216,1.0
3524,85.71,2.89,0.6862745098039216,0.83326852031888
3534,85.71,2.9,0.6862745098039216,0.83326852031888
3544,85.71,2.91,0.6862745098039216,0.83326852031888
3554,85.71,2.92,0.6862745098039216,0.83326852031888
3564,102.86,2.93,0.6862745098039216,1.0
3574,85.71,2.94,0.6862745098039216,0.83326852031888
3584,85.71,2.95,0.6862745098039216,0.83326852031888
3594,85.71,2.96,0.6862745098039216,0.83326852031888
3604,85.71,2.97,0.6862745098039216,0.83326852031888
3614,102.86,2.98,0.6862745098039216,1.0
3624,85.71,2.99,0.6862745098039216,0.83326852031888
3634,85.71,3.0,0.6862745098039216,0.83326852031888
3644,85.71,3.0100000000000002,0.6862745098039216,0.83326852031888
3654,85.71,3.02,0.6862745098039216,0.83326852031888
3664,102.86,3.0300000000000002,0.6862745098039216,1.0
3674,68.57,3.04,0.6862745098039216,0.6666342601594399
3684,102.86,3.0500000000000003,0.6862745098039216,1.0
3694,85.71,3.06,0.6862745098039216,0.83326852031888
3704,85.71,3.0700000000000003,0.6862745098039216,0.83326852031888
3714,85.71,3.08,0.6862745098039216,0.83326852031888
3724,85.71,3.09,0.6862745098039216,0.83326852031888
3734,102.86,3.1,0.6862745098039216,1.0
3744,85.71,3.11,0.6862745098039216,0.83326852031888
3755,85.71,3.12,0.6862745098039216,0.83326852031888
3765,102.86,3.13,0.6862745098039216,1.0
3775,85.71,3.14,0.6862745098039216,0.83326852031888
3785,85.71,3.15,0.6862745098039216,0.83326852031888
3795,102.86,3.16,0.6862745098039216,1.0
3805,68.57,3.17,0.6862745098039216,0.6666342601594399
3815,102.86,3.18,0.6862745098039216,1.0
3825,85.71,3.19,0.6862745098039216,0.83326852031888
3835,85.71,3.2,0.6862745098039216,0.83326852031888
3845,85.71,3.21,0.6862745098039216,0.83326852031888
3855,85.71,3.22,0.6862745098039216,0.83326852031888
3865,102.86,3.23,0.6862745098039216,1.0
3875,85.71,3.24,0.6862745098039216,0.83326852031888
3885,85.71,3.25,0.6862745098039216,0.83326852031888
3895,85.71,3.2600000000000002,0.6862745098039216,0.83326852031888
3905,85.71,3.27,0.6862745098039216,0.83326852031888
3915,102.86,3.2800000000000002,0.6862745098039216,1.0
3926,85.71,3.29,0.6862745098039216,0.83326852031888
3936,85.71,3.3000000000000003,0.6862745098039216,0.83326852031888
3946,102.86,3.31,0.6862745098039216,1.0
3956,85.71,3.3200000000000003,0.6862745098039216,0.83326852031888
3966,85.71,3.33,0.6862745098039216,0.83326852031888
3976,85.71,3.34,0.6862745098039216,0.83326852031888
3986,85.71,3.35,0.6862745098039216,0.83326852031888
3996,102.86,3.36,0.6862745098039216,1.0
4006,85.71,3.37,0.6862745098039216,0.83326852031888
4016,85.71,3.38,0.6862745098039216,0.83326852031888
4026,85.71,3.39,0.6862745098039216,0.83326852031888
4036,85.71,3.4,0.6862745098039216,0.83326852031888
4046,102.86,3.41,0.6862745098039216,1.0
4056,68.57,3.42,0.6862745098039216,0.6666342601594399
4066,102.86,3.43,0.6862745098039216,1.0
4076,85.71,3.44,0.6862745098039216,0.83326852031888
4086,85.71,3.45,0.6862745098039216,0.83326852031888
4096,85.71,3.46,0.6862745098039216,0.83326852031888
4106,85.71,3.47,0.6862745098039216,0.83326852031888
4116,102.86,3.48,0.6862745098039216,1.0
4126,85.71,3.49,0.6862745098039216,0.83326852031888
4136,85.71,3.5,0.6862745098039216,0.83326852031888
4146,85.71,3.5100000000000002,0.6862745098039216,0.83326852031888
4156,85.71,3.52,0.6862745098039216,0.83326852031888
4166,102.86,3.5300000000000002,0.6862745098039216,1.0
4176,85.71,3.54,0.6862745098039216,0.83326852031888
4186,85.71,3.5500000000000003,0.6862745098039216,0.83326852031888
4196,85.71,3.56,0.6862745098039216,0.83326852031888
4206,85.71,3.5700000000000003,0.6862745098039216,0.83326852031888
4216,102.86,3.58,0.6862745098039216,1.0
4226,85.71,3.59,0.6862745098039216,0.83326852031888
4236,85.71,3.6,0.6862745098039216,0.83326852031888
4246,85.71,3.61,0.6862745098039216,0.83326852031888
4256,85.71,3.62,0.6862745098039216,0.83326852031888
4267,102.86,3.63,0.6862745098039216,1.0
4277,85.71,3.64,0.6862745098039216,0.83326852031888
4287,85.71,3.65,0.6862745098039216,0.83326852031888
4297,102.86,3.66,0.6862745098039216,1.0
4307,85.71,3.67,0.6862745098039216,0.83326852031888
4317,85.71,3.68,0.6862745098039216,0.83326852031888
4327,85.71,3.69,0.6862745098039216,0.83326852031888
4337,85.71,3.7,0.6862745098039216,0.83326852031888
4347,102.86,3.71,0.6862745098039216,1.0
4357,85.71,3.72,0.6862745098039216,0.83326852031888
4367,85.71,3.73,0.6862745098039216,0.83326852031888
4377,85.71,3.74,0.6862745098039216,0.83326852031888
4387,85.71,3.75,0.6862745098039216,0.83326852031888
4397,85.71,3.7600000000000002,0.6862745098039216,0.83326852031888
4407,85.71,3.77,0.6862745098039216,0.83326852031888
4417,102.86,3.7800000000000002,0.6862745098039216,1.0
4427,85.71,3.79,0.6862745098039216,0.83326852031888
4438,85.71,3.8000000000000003,0.6862745098039216,0.83326852031888
4448,102.86,3.81,0.6862745098039216,1.0
4458,85.71,3.8200000000000003,0.6862745098039216,0.83326852031888
4468,85.71,3.83,0.6862745098039216,0.83326852031888
4478,102.86,3.84,0.6862745098039216,1.0
4488,68.57,3.85,0.6862745098039216,0.6666342601594399
4498,102.86,3.86,0.6862745098039216,1.0
4508,85.71,3.87,0.6862745098039216,0.83326852031888
4518,85.71,3.88,0.6862745098039216,0.83326852031888
4528,85.71,3.89,0.6862745098039216,0.83326852031888
4538,85.71,3.9,0.6862745098039216,0.83326852031888
4548,102.86,3.91,0.6862745098039216,1.0
4558,85.71,3.92,0.6862745098039216,0.83326852031888
4568,85.71,3.93,0.6862745098039216,0.83326852031888
4578,85.71,3.94,0.6862745098039216,0.83326852031888
4588,85.71,3.95,0.6862745098039216,0.83326852031888
4598,102.86,3.96,0.6862745098039216,1.0
4608,85.71,3.97,0.6862745098039216,0.83326852031888
4618,85.71,3.98,0.6862745098039216,0.83326852031888
4628,85.71,3.99,0.6862745098039216,0.83326852031888
4638,102.86,4.0,0.6862745098039216,1.0
4648,85.71,4.01,0.6862745098039216,0.83326852031888
4658,85.71,4.0200000000000005,0.6862745098039216,0.83326852031888
4668,85.71,4.03,0.6862745098039216,0.83326852031888
4678,85.71,4.04,0.6862745098039216,0.83326852031888
4688,85.71,4.05,0.6862745098039216,0.83326852031888
4698,85.71,4.0600000000000005,0.6862745098039216,0.83326852031888
4708,102.86,4.07,0.6862745098039216,1.0
4718,85.71,4.08,0.6862745098039216,0.83326852031888
4728,85.71,4.09,0.6862745098039216,0.83326852031888
4738,85.71,4.1,0.6862745098039216,0.83326852031888
4748,85.71,4.11,0.6862745098039216,0.83326852031888
4758,102.86,4.12,0.6862745098039216,1.0
4768,85.71,4.13,0.6862745098039216,0.83326852031888
4779,85.71,4.14,0.6862745098039216,0.83326852031888
4789,102.86,4.15,0.6862745098039216,1.0
4799,85.71,4.16,0.6862745098039216,0.83326852031888
4809,85.71,4.17,0.6862745098039216,0.83326852031888
4819,85.71,4.18,0.6862745098039216,0.83326852031888
4829,85.71,4.19,0.6862745098039216,0.83326852031888
4839,102.86,4.2,0.6862745098039216,1.0
4849,85.71,4.21,0.6862745098039216,0.83326852031888
4859,85.71,4.22,0.6862745098039216,0.83326852031888
4869,85.71,4.23,0.6862745098039216,0.83326852031888
4879,85.71,4.24,0.6862745098039216,0.83326852031888
4889,102.86,4.25,0.6862745098039216,1.0
4899,85.71,4.26,0.6862745098039216,0.83326852031888
4909,85.71,4.2700000000000005,0.6862745098039216,0.83326852031888
4919,85.71,4.28,0.6862745098039216,0.83326852031888
4929,85.71,4.29,0.6862745098039216,0.83326852031888
4939,102.86,4.3,0.6862745098039216,1.0
4950,85.71,4.3100000000000005,0.6862745098039216,0.83326852031888
4960,85.71,4.32,0.6862745098039216,0.83326852031888
4970,85.71,4.33,0.6862745098039216,0.83326852031888
4980,102.86,4.34,0.6862745098039216,1.0
4990,85.71,4.3500000000000005,0.6862745098039216,0.83326852031888
5000,85.71,4.36,0.6862745098039216,0.83326852031888
5010,85.71,4.37,0.6862745098039216,0.83326852031888
5020,85.71,4.38,0.6862745098039216,0.83326852031888
5030,102.86,4.39,0.6862745098039216,1.0
5040,68.57,4.4,0.6862745098039216,0.6666342601594399
5050,102.86,4.41,0.6862745098039216,1.0
5060,85.71,4.42,0.6862745098039216,0.83326852031888
5070,85.71,4.43,0.6862745098039216,0.83326852031888
5080,85.71,4.44,0.6862745098039216,0.83326852031888
5090,102.86,4.45,0.6862745098039216,1.0
5100,85.71,4.46,0.6862745098039216,0.83326852031888
5110,85.71,4.47,0.6862745098039216,0.83326852031888
5120,85.71,4.48,0.6862745098039216,0.83326852031888
5130,85.71,4.49,0.6862745098039216,0.83326852031888
5140,102.86,4.5,0.6862745098039216,1.0
5150,85.71,4.51,0.6862745098039216,0.83326852031888
5160,85.71,4.5200000000000005,0.6862745098039216,0.83326852031888
5170,85.71,4.53,0.6862745098039216,0.83326852031888
5180,85.71,4.54,0.6862745098039216,0.83326852031888
5190,85.71,4.55,0.6862745098039216,0.83326852031888
5200,102.86,4.5600000000000005,0.6862745098039216,1.0
5210,85.71,4.57,0.6862745098039216,0.83326852031888
5220,85.71,4.58,0.6862745098039216,0.83326852031888
5230,85.71,4.59,0.6862745098039216,0.83326852031888
5240,85.71,4.6000000000000005,0.6862745098039216,0.83326852031888
5250,85.71,4.61,0.6862745098039216,0.83326852031888
5260,102.86,4.62,0.6862745098039216,1.0
5270,85.71,4.63,0.6862745098039216,0.83326852031888
5280,85.71,4.64,0.6862745098039216,0.83326852031888
5291,85.71,4.65,0.6862745098039216,0.83326852031888
5301,102.86,4.66,0.6862745098039216,1.0
5311,85.71,4.67,0.6862745098039216,0.83326852031888
5321,85.71,4.68,0.6862745098039216,0.83326852031888
5331,102.86,4.69,0.6862745098039216,1.0
5341,68.57,4.7,0.6862745098039216,0.6666342601594399
5351,102.86,4.71,0.6862745098039216,1.0
5361,85.71,4.72,0.6862745098039216,0.83326852031888
5371,85.71,4.73,0.6862745098039216,0.83326852031888
5381,85.71,4.74,0.6862745098039216,0.83326852031888
5391,85.71,4.75,0.6862745098039216,0.83326852031888
5401,102.86,4.76,0.6862745098039216,1.0
5411,85.71,4.7700000000000005,0.6862745098039216,0.83326852031888
5421,85.71,4.78,0.6862745098039216,0.83326852031888
5431,85.71,4.79,0.6862745098039216,0.83326852031888
5441,102.86,4.8,0.6862745098039216,1.0
5451,85.71,4.8100000000000005,0.6862745098039216,0.83326852031888
5462,85.71,4.82,0.6862745098039216,0.83326852031888
5472,85.71,4.83,0.6862745098039216,0.83326852031888
5482,102.86,4.84,0.6862745098039216,1.0
5492,85.71,4.8500000000000005,0.6862745098039216,0.83326852031888
5502,85.71,4.86,0.6862745098039216,0.83326852031888
5512,85.71,4.87,0.6862745098039216,0.83326852031888
5522,85.71,4.88,0.6862745098039216,0.83326852031888
5532,102.86,4.89,0.6862745098039216,1.0
5542,85.71,4.9,0.6862745098039216,0.83326852031888
5552,85.71,4.91,0.6862745098039216,0.83326852031888
5562,85.71,4.92,0.6862745098039216,0.83326852031888
5572,85.71,4.93,0.6862745098039216,0.83326852031888
5582,102.86,4.94,0.6862745098039216,1.0
5592,85.71,4.95,0.6862745098039216,0.83326852031888
5602,85.71,4.96,0.6862745098039216,0.83326852031888
5612,85.71,4.97,0.6862745098039216,0.83326852031888
5622,85.71,4.98,0.6862745098039216,0.83326852031888
5632,85.71,4.99,0.6862745098039216,0.83326852031888
5642,85.71,5.0,0.6862745098039216,0.83326852031888
5652,102.86,5.01,0.6862745098039216,1.0
5662,85.71,5.0200000000000005,0.6862745098039216,0.83326852031888
5672,85.71,5.03,0.6862745098039216,0.83326852031888
5682,85.71,5.04,0.6862745098039216,0.83326852031888
5692,102.86,5.05,0.6862745098039216,1.0
5702,85.71,5.0600000000000005,0.6862745098039216,0.83326852031888
5712,85.71,5.07,0.6862745098039216,0.83326852031888
5722,85.71,5.08,0.6862745098039216,0.83326852031888
5732,85.71,5.09,0.6862745098039216,0.83326852031888
5742,85.71,5.1000000000000005,0.6862745098039216,0.83326852031888
5752,102.86,5.11,0.6862745098039216,1.0
5762,85.71,5.12,0.6862745098039216,0.83326852031888
5772,85.71,5.13,0.6862745098039216,0.83326852031888
5782,85.71,5.14,0.6862745098039216,0.83326852031888
5792,85.71,5.15,0.6862745098039216,0.83326852031888
5803,102.86,5.16,0.6862745098039216,1.0
5813,85.71,5.17,0.6862745098039216,0.83326852031888
5823,85.71,5.18,0.6862745098039216,0.83326852031888
5833,102.86,5.19,0.6862745098039216,1.0
5843,85.71,5.2,0.6862745098039216,0.83326852031888
5853,85.71,5.21,0.6862745098039216,0.83326852031888
5863,85.71,5.22,0.6862745098039216,0.83326852031888
5873,85.71,5.23,0.6862745098039216,0.83326852031888
5883,102.86,5.24,0.6862745098039216,1.0
5893,85.71,5.25,0.6862745098039216,0.83326852031888
5903,85.71,5.26,0.6862745098039216,0.83326852031888
5913,85.71,5.2700000000000005,0.6862745098039216,0.83326852031888
5923,85.71,5.28,0.6862745098039216,0.83326852031888
5933,85.71,5.29,0.6862745098039216,0.83326852031888
5943,102.86,5.3,0.6862745098039216,1.0
5953,85.71,5.3100000000000005,0.6862745098039216,0.83326852031888
5963,85.71,5.32,0.6862745098039216,0.83326852031888
5974,85.71,5.33,0.6862745098039216,0.83326852031888
5984,102.86,5.34,0.6862745098039216,1.0
5994,85.71,5.3500000000000005,0.6862745098039216,0.83326852031888
6004,85.71,5.36,0.6862745098039216,0.83326852031888
6014,102.86,5.37,0.6862745098039216,1.0
6024,68.57,5.38,0.6862745098039216,0.6666342601594399
6034,102.86,5.39,0.6862745098039216,1.0
6044,85.71,5.4,0.6862745098039216,0.83326852031888
6054,85.71,5.41,0.6862745098039216,0.83326852031888
6064,85.71,5.42,0.6862745098039216,0.83326852031888
6074,102.86,5.43,0.6862745098039216,1.0
6084,85.71,5.44,0.6862745098039216,0.83326852031888
6094,85.71,5.45,0.6862745098039216,0.83326852031888
6104,85.71,5.46,0.6862745098039216,0.83326852031888
6114,85.71,5.47,0.6862745098039216,0.83326852031888
6124,102.86,5.48,0.6862745098039216,1.0
6134,85.71,5.49,0.6862745098039216,0.83326852031888
6144,85.71,5.5,0.6862745098039216,0.83326852031888
6154,85.71,5.51,0.6862745098039216,0.83326852031888
6164,85.71,5.5200000000000005,0.6862745098039216,0.83326852031888
6174,102.86,5.53,0.6862745098039216,1.0
6184,85.71,5.54,0.6862745098039216,0.83326852031888
6194,85.71,5.55,0.6862745098039216,0.83326852031888
6204,85.71,5.5600000000000005,0.6862745098039216,0.83326852031888
6214,85.71,5.57,0.6862745098039216,0.83326852031888
6224,102.86,5.58,0.6862745098039216,1.0
6234,68.57,5.59,0.6862745098039216,0.6666342601594399
6244,102.86,5.6000000000000005,0.6862745098039216,1.0
6254,85.71,5.61,0.6862745098039216,0.83326852031888
6264,85.71,5.62,0.6862745098039216,0.83326852031888
6274,85.71,5.63,0.6862745098039216,0.83326852031888
6284,85.71,5.64,0.6862745098039216,0.83326852031888
6294,102.86,5.65,0.6862745098039216,1.0
6304,85.71,5.66,0.6862745098039216,0.83326852031888
6315,85.71,5.67,0.6862745098039216,0.83326852031888
6325,102.86,5.68,0.6862745098039216,1.0
6335,85.71,5.69,0.6862745098039216,0.83326852031888
6345,85.71,5.7,0.6862745098039216,0.83326852031888
6355,85.71,5.71,0.6862745098039216,0.83326852031888
6365,85.71,5.72,0.6862745098039216,0.83326852031888
6375,85.71,5.73,0.6862745098039216,0.83326852031888
6385,102.86,5.74,0.6862745098039216,1.0
6395,85.71,5.75,0.6862745098039216,0.83326852031888
6405,85.71,5.76,0.6862745098039216,0.83326852031888
6415,85.71,5.7700000000000005,0.6862745098039216,0.83326852031888
6425,85.71,5.78,0.6862745098039216,0.83326852031888
6435,102.86,5.79,0.6862745098039216,1.0
6445,85.71,5.8,0.6862745098039216,0.83326852031888
6455,85.71,5.8100000000000005,0.6862745098039216,0.83326852031888
6465,85.71,5.82,0.6862745098039216,0.83326852031888
6475,85.71,5.83,0.6862745098039216,0.83326852031888
6486,102.86,5.84,0.6862745098039216,1.0
6496,85.71,5.8500000000000005,0.6862745098039216,0.83326852031888
6506,85.71,5.86,0.6862745098039216,0.83326852031888
6516,102.86,5.87,0.6862745098039216,1.0
6526,85.71,5.88,0.6862745098039216,0.83326852031888
6536,85.71,5.89,0.6862745098039216,0.83326852031888
6546,85.71,5.9,0.6862745098039216,0.83326852031888
6556,85.71,5.91,0.6862745098039216,0.83326852031888
6566,102.86,5.92,0.6862745098039216,1.0
6576,68.57,5.93,0.6862745098039216,0.6666342601594399
6586,102.86,5.94,0.6862745098039216,1.0
6596,85.71,5.95,0.6862745098039216,0.83326852031888
6606,85.71,5.96,0.6862745098039216,0.83326852031888
6616,85.71,5.97,0.6862745098039216,0.83326852031888
6626,85.71,5.98,0.6862745098039216,0.83326852031888
6636,102.86,5.99,0.6862745098039216,1.0
6646,85.71,6.0,0.6862745098039216,0.83326852031888
6656,85.71,6.01,0.6862745098039216,0.83326852031888
6666,85.71,6.0200000000000005,0.6862745098039216,0.83326852031888
6676,85.71,6.03,0.6862745098039216,0.83326852031888
6686,102.86,6.04,0.6862745098039216,1.0
6696,85.71,6.05,0.6862745098039216,0.83326852031888
6706,85.71,6.0600000000000005,0.6862745098039216,0.83326852031888
6716,85.71,6.07,0.6862745098039216,0.83326852031888
6726,85.71,6.08,0.6862745098039216,0.83326852031888
6736,102.86,6.09,0.6862745098039216,1.0
6746,85.71,6.1000000000000005,0.6862745098039216,0.83326852031888
6756,85.71,6.11,0.6862745098039216,0.83326852031888
6766,85.71,6.12,0.6862745098039216,0.83326852031888
6776,85.71,6.13,0.6862745098039216,0.83326852031888
6786,85.71,6.140000000000001,0.6862745098039216,0.83326852031888
6796,102.86,6.15,0.6862745098039216,1.0
6806,85.71,6.16,0.6862745098039216,0.83326852031888
6816,85.71,6.17,0.6862745098039216,0.83326852031888
6827,85.71,6.18,0.6862745098039216,0.83326852031888
6837,102.86,6.19,0.6862745098039216,1.0
6847,85.71,6.2,0.6862745098039216,0.83326852031888
6857,85.71,6.21,0.6862745098039216,0.83326852031888
6867,102.86,6.22,0.6862745098039216,1.0
6877,68.57,6.23,0.6862745098039216,0.6666342601594399
6887,102.86,6.24,0.6862745098039216,1.0
6897,85.71,6.25,0.6862745098039216,0.83326852031888
6907,85.71,6.26,0.6862745098039216,0.83326852031888
6917,85.71,6.2700000000000005,0.6862745098039216,0.83326852031888
6927,85.71,6.28,0.6862745098039216,0.83326852031888
6937,102.86,6.29,0.6862745098039216,1.0
6947,85.71,6.3,0.6862745098039216,0.83326852031888
6957,85.71,6.3100000000000005,0.6862745098039216,0.83326852031888
6967,85.71,6.32,0.6862745098039216,0.83326852031888
6977,85.71,6.33,0.6862745098039216,0.83326852031888
6987,102.86,6.34,0.6862745098039216,1.0
6998,85.71,6.3500000000000005,0.6862745098039216,0.83326852031888
7008,85.71,6.36,0.6862745098039216,0.83326852031888
7018,102.86,6.37,0.6862745098039216,1.0
7028,85.71,6.38,0.6862745098039216,0.83326852031888
7038,85.71,6.390000000000001,0.6862745098039216,0.83326852031888
7048,85.71,6.4,0.6862745098039216,0.83326852031888
7058,85.71,6.41,0.6862745098039216,0.83326852031888
7068,102.86,6.42,0.6862745098039216,1.0
7078,85.71,6.43,0.6862745098039216,0.83326852031888
7088,85.71,6.44,0.6862745098039216,0.83326852031888
7098,85.71,6.45,0.6862745098039216,0.83326852031888
7108,85.71,6.46,0.6862745098039216,0.83326852031888
7118,102.86,6.47,0.6862745098039216,1.0
7128,68.57,6.48,0.6862745098039216,0.6666342601594399
7138,102.86,6.49,0.6862745098039216,1.0
7148,85.71,6.5,0.6862745098039216,0.83326852031888
7158,85.71,6.51,0.6862745098039216,0.83326852031888
7168,85.71,6.5200000000000005,0.6862745098039216,0.83326852031888
7178,85.71,6.53,0.6862745098039216,0.83326852031888
7188,102.86,6.54,0.6862745098039216,1.0
7198,85.71,6.55,0.6862745098039216,0.83326852031888
7208,85.71,6.5600000000000005,0.6862745098039216,0.83326852031888
7218,85.71,6.57,0.6862745098039216,0.83326852031888
7228,85.71,6.58,0.6862745098039216,0.83326852031888
7238,102.86,6.59,0.6862745098039216,1.0
7248,85.71,6.6000000000000005,0.6862745098039216,0.83326852031888
7258,85.71,6.61,0.6862745098039216,0.83326852031888
7268,85.71,6.62,0.6862745098039216,0.83326852031888
7278,85.71,6.63,0.6862745098039216,0.83326852031888
7288,102.86,6.640000000000001,0.6862745098039216,1.0
7298,68.57,6.65,0.6862745098039216,0.6666342601594399
7308,102.86,6.66,0.6862745098039216,1.0
7318,85.71,6.67,0.6862745098039216,0.83326852031888
7328,85.71,6.68,0.6862745098039216,0.83326852031888
7339,102.86,6.69,0.6862745098039216,1.0
7349,85.71,6.7,0.6862745098039216,0.83326852031888
7359,85.71,6.71,0.6862745098039216,0.83326852031888
7369,85.71,6.72,0.6862745098039216,0.83326852031888
7379,102.86,6.73,0.6862745098039216,1.0
7389,85.71,6.74,0.6862745098039216,0.83326852031888
7399,85.71,6.75,0.6862745098039216,0.83326852031888
7409,85.71,6.76,0.6862745098039216,0.83326852031888
7419,85.71,6.7700000000000005,0.6862745098039216,0.83326852031888
7429,85.71,6.78,0.6862745098039216,0.83326852031888
7439,102.86,6.79,0.6862745098039216,1.0
7449,85.71,6.8,0.6862745098039216,0.83326852031888
7459,85.71,6.8100000000000005,0.6862745098039216,0.83326852031888
7469,85.71,6.82,0.6862745098039216,0.83326852031888
7479,85.71,6.83,0.6862745098039216,0.83326852031888
7489,102.86,6.84,0.6862745098039216,1.0
7499,85.71,6.8500000000000005,0.6862745098039216,0.83326852031888
7510,85.71,6.86,0.6862745098039216,0.83326852031888
7520,85.71,6.87,0.6862745098039216,0.83326852031888
7530,102.86,6.88,0.6862745098039216,1.0
7540,85.71,6.890000000000001,0.6862745098039216,0.83326852031888
7550,85.71,6.9,0.6862745098039216,0.83326852031888
7560,85.71,6.91,0.6862745098039216,0.83326852031888
7570,85.71,6.92,0.6862745098039216,0.83326852031888
7580,102.86,6.93,0.6862745098039216,1.0
7590,85.71,6.94,0.6862745098039216,0.83326852031888
7600,85.71,6.95,0.6862745098039216,0.83326852031888
7610,85.71,6.96,0.6862745098039216,0.83326852031888
7620,85.71,6.97,0.6862745098039216,0.83326852031888
7630,102.86,6.98,0.6862745098039216,1.0
7640,85.71,6.99,0.6862745098039216,0.83326852031888
7650,85.71,7.0,0.6862745098039216,0.83326852031888
7660,85.71,7.01,0.6862745098039216,0.83326852031888
7670,85.71,7.0200000000000005,0.6862745098039216,0.83326852031888
7680,85.71,7.03,0.6862745098039216,0.83326852031888
7690,102.86,7.04,0.6862745098039216,1.0
7700,85.71,7.05,0.6862745098039216,0.83326852031888
7710,85.71,7.0600000000000005,0.6862745098039216,0.83326852031888
7720,85.71,7.07,0.6862745098039216,0.83326852031888
7730,85.71,7.08,0.6862745098039216,0.83326852031888
7740,102.86,7.09,0.6862745098039216,1.0
7750,85.71,7.1000000000000005,0.6862745098039216,0.83326852031888
7760,85.71,7.11,0.6862745098039216,0.83326852031888
7770,85.71,7.12,0.6862745098039216,0.83326852031888
7780,85.71,7.13,0.6862745098039216,0.83326852031888
7790,85.71,7.140000000000001,0.6862745098039216,0.83326852031888
7800,102.86,7.15,0.6862745098039216,1.0
7810,68.57,7.16,0.6862745098039216,0.6666342601594399
7820,102.86,7.17,0.6862745098039216,1.0
7830,85.71,7.18,0.6862745098039216,0.83326852031888
7840,85.71,7.19,0.6862745098039216,0.83326852031888
7851,85.71,7.2,0.6862745098039216,0.83326852031888
7861,102.86,7.21,0.6862745098039216,1.0
7871,85.71,7.22,0.6862745098039216,0.83326852031888
7881,85.71,7.23,0.6862745098039216,0.83326852031888
7891,85.71,7.24,0.6862745098039216,0.83326852031888
7901,85.71,7.25,0.6862745098039216,0.83326852031888
7911,102.86,7.26,0.6862745098039216,1.0
7921,85.71,7.2700000000000005,0.6862745098039216,0.83326852031888
7931,85.71,7.28,0.6862745098039216,0.83326852031888
7941,85.71,7.29,0.6862745098039216,0.83326852031888
7951,85.71,7.3,0.6862745098039216,0.83326852031888
7961,102.86,7.3100000000000005,0.6862745098039216,1.0
7971,85.71,7.32,0.6862745098039216,0.83326852031888
7981,85.71,7.33,0.6862745098039216,0.83326852031888
7991,85.71,7.34,0.6862745098039216,0.83326852031888
8001,85.71,7.3500000000000005,0.6862745098039216,0.83326852031888
8011,102.86,7.36,0.6862745098039216,1.0
8022,85.71,7.37,0.6862745098039216,0.83326852031888
8032,85.71,7.38,0.6862745098039216,0.83326852031888
8042,102.86,7.390000000000001,0.6862745098039216,1.0
8052,85.71,7.4,0.6862745098039216,0.83326852031888
8062,85.71,7.41,0.6862745098039216,0.83326852031888
8072,85.71,7.42,0.6862745098039216,0.83326852031888
8082,85.71,7.43,0.6862745098039216,0.83326852031888
8092,102.86,7.44,0.6862745098039216,1.0
8102,85.71,7.45,0.6862745098039216,0.83326852031888
8112,85.71,7.46,0.6862745098039216,0.83326852031888
8122,85.71,7.47,0.6862745098039216,0.83326852031888
8132,85.71,7.48,0.6862745098039216,0.83326852031888
8142,102.86,7.49,0.6862745098039216,1.0
8152,68.57,7.5,0.6862745098039216,0.6666342601594399
8162,102.86,7.51,0.6862745098039216,1.0
8172,85.71,7.5200000000000005,0.6862745098039216,0.83326852031888
8182,85.71,7.53,0.6862745098039216,0.83326852031888
8192,85.71,7.54,0.6862745098039216,0.83326852031888
8202,85.71,7.55,0.6862745098039216,0.83326852031888
8212,102.86,7.5600000000000005,0.6862745098039216,1.0
8222,85.71,7.57,0.6862745098039216,0.83326852031888
8232,85.71,7.58,0.6862745098039216,0.83326852031888
8242,85.71,7.59,0.6862745098039216,0.83326852031888
8252,85.71,7.6000000000000005,0.6862745098039216,0.83326852031888
8262,102.86,7.61,0.6862745098039216,1.0
8272,85.71,7.62,0.6862745098039216,0.83326852031888
8282,85.71,7.63,0.6862745098039216,0.83326852031888
8292,85.71,7.640000000000001,0.6862745098039216,0.83326852031888
8302,85.71,7.65,0.6862745098039216,0.83326852031888
8312,102.86,7.66,0.6862745098039216,1.0
8322,68.57,7.67,0.6862745098039216,0.6666342601594399
8332,102.86,7.68,0.6862745098039216,1.0
8342,85.71,7.69,0.6862745098039216,0.83326852031888
8352,85.71,7.7,0.6862745098039216,0.83326852031888
8363,102.86,7.71,0.6862745098039216,1.0
8373,85.71,7.72,0.6862745098039216,0.83326852031888
8383,85.71,7.73,0.6862745098039216,0.83326852031888
8393,85.71,7.74,0.6862745098039216,0.83326852031888
8403,102.86,7.75,0.6862745098039216,1.0
8413,68.57,7.76,0.6862745098039216,0.6666342601594399
8423,102.86,7.7700000000000005,0.6862745098039216,1.0
8433,85.71,7.78,0.6862745098039216,0.83326852031888
8443,85.71,7.79,0.6862745098039216,0.83326852031888
8453,85.71,7.8,0.6862745098039216,0.83326852031888
8463,85.71,7.8100000000000005,0.6862745098039216,0.83326852031888
8473,102.86,7.82,0.6862745098039216,1.0
8483,85.71,7.83,0.6862745098039216,0.83326852031888
8493,85.71,7.84,0.6862745098039216,0.83326852031888
8503,85.71,7.8500000000000005,0.6862745098039216,0.83326852031888
8513,85.71,7.86,0.6862745098039216,0.83326852031888
8523,102.86,7.87,0.6862745098039216,1.0
8534,85.71,7.88,0.6862745098039216,0.83326852031888
8544,85.71,7.890000000000001,0.6862745098039216,0.83326852031888
8554,102.86,7.9,0.6862745098039216,1.0
8564,85.71,7.91,0.6862745098039216,0.83326852031888
8574,85.71,7.92,0.6862745098039216,0.83326852031888
8584,85.71,7.930000000000001,0.6862745098039216,0.83326852031888
8594,85.71,7.94,0.6862745098039216,0.83326852031888
8604,85.71,7.95,0.6862745098039216,0.83326852031888
8614,102.86,7.96,0.6862745098039216,1.0
8624,85.71,7.97,0.6862745098039216,0.83326852031888
8634,85.71,7.98,0.6862745098039216,0.83326852031888
8644,85.71,7.99,0.6862745098039216,0.83326852031888
8654,85.71,8.0,0.6862745098039216,0.83326852031888
8664,85.71,8.01,0.6862745098039216,0.83326852031888
8674,85.71,8.02,0.6862745098039216,0.83326852031888
8684,102.86,8.03,0.6862745098039216,1.0
8694,85.71,8.040000000000001,0.6862745098039216,0.83326852031888
8704,85.71,8.05,0.6862745098039216,0.83326852031888
8714,85.71,8.06,0.6862745098039216,0.83326852031888
8724,85.71,8.07,0.6862745098039216,0.83326852031888
8734,102.86,8.08,0.6862745098039216,1.0
8744,85.71,8.09,0.6862745098039216,0.83326852031888
8754,85.71,8.1,0.6862745098039216,0.83326852031888
8764,85.71,8.11,0.6862745098039216,0.83326852031888
8774,85.71,8.120000000000001,0.6862745098039216,0.83326852031888
8784,102.86,8.13,0.6862745098039216,1.0
8794,68.57,8.14,0.6862745098039216,0.6666342601594399
8804,102.86,8.15,0.6862745098039216,1.0
8814,85.71,8.16,0.6862745098039216,0.83326852031888
8824,85.71,8.17,0.6862745098039216,0.83326852031888
8834,85.71,8.18,0.6862745098039216,0.83326852031888
8844,85.71,8.19,0.6862745098039216,0.83326852031888
8854,102.86,8.2,0.6862745098039216,1.0
8864,85.71,8.21,0.6862745098039216,0.83326852031888
8875,85.71,8.22,0.6862745098039216,0.83326852031888
8885,102.86,8.23,0.6862745098039216,1.0
8895,85.71,8.24,0.6862745098039216,0.83326852031888
8905,85.71,8.25,0.6862745098039216,0.83326852031888
8915,85.71,8.26,0.6862745098039216,0.83326852031888
8925,85.71,8.27,0.6862745098039216,0.83326852031888
8935,102.86,8.28,0.6862745098039216,1.0
8945,85.71,8.290000000000001,0.6862745098039216,0.83326852031888
8955,85.71,8.3,0.6862745098039216,0.83326852031888
8965,85.71,8.31,0.6862745098039216,0.83326852031888
8975,85.71,8.32,0.6862745098039216,0.83326852031888
8985,85.71,8.33,0.6862745098039216,0.83326852031888
8995,102.86,8.34,0.6862745098039216,1.0
9005,85.71,8.35,0.6862745098039216,0.83326852031888
9015,85.71,8.36,0.6862745098039216,0.83326852031888
9025,85.71,8.370000000000001,0.6862745098039216,0.83326852031888
9035,85.71,8.38,0.6862745098039216,0.83326852031888
9046,102.86,8.39,0.6862745098039216,1.0
9056,85.71,8.4,0.6862745098039216,0.83326852031888
9066,85.71,8.41,0.6862745098039216,0.83326852031888
9076,102.86,8.42,0.6862745098039216,1.0
9086,85.71,8.43,0.6862745098039216,0.83326852031888
9096,85.71,8.44,0.6862745098039216,0.83326852031888
9106,85.71,8.45,0.6862745098039216,0.83326852031888
9116,85.71,8.46,0.6862745098039216,0.83326852031888
9126,102.86,8.47,0.6862745098039216,1.0
9136,68.57,8.48,0.6862745098039216,0.6666342601594399
9146,102.86,8.49,0.6862745098039216,1.0
9156,85.71,8.5,0.6862745098039216,0.83326852031888
9166,85.71,8.51,0.6862745098039216,0.83326852031888
9176,85.71,8.52,0.6862745098039216,0.83326852031888
9186,85.71,8.53,0.6862745098039216,0.83326852031888
9196,102.86,8.540000000000001,0.6862745098039216,1.0
9206,85.71,8.55,0.6862745098039216,0.83326852031888
9216,85.71,8.56,0.6862745098039216,0.83326852031888
9226,85.71,8.57,0.6862745098039216,0.83326852031888
9236,85.71,8.58,0.6862745098039216,0.83326852031888
9246,102.86,8.59,0.6862745098039216,1.0
9256,85.71,8.6,0.6862745098039216,0.83326852031888
9266,85.71,8.61,0.6862745098039216,0.83326852031888
9276,85.71,8.620000000000001,0.6862745098039216,0.83326852031888
9286,85.71,8.63,0.6862745098039216,0.83326852031888
9296,85.71,8.64,0.6862745098039216,0.83326852031888
9306,85.71,8.65,0.6862745098039216,0.83326852031888
9316,102.86,8.66,0.6862745098039216,1.0
9326,85.71,8.67,0.6862745098039216,0.83326852031888
9336,85.71,8.68,0.6862745098039216,0.83326852031888
9346,85.71,8.69,0.6862745098039216,0.83326852031888
9356,85.71,8.700000000000001,0.6862745098039216,0.83326852031888
9366,102.86,8.71,0.6862745098039216,1.0
9376,85.71,8.72,0.6862745098039216,0.83326852031888
9387,85.71,8.73,0.6862745098039216,0.83326852031888
9397,85.71,8.74,0.6862745098039216,0.83326852031888
9407,102.86,8.75,0.6862745098039216,1.0
9417,85.71,8.76,0.6862745098039216,0.83326852031888
9427,85.71,8.77,0.6862745098039216,0.83326852031888
9437,85.71,8.78,0.6862745098039216,0.83326852031888
9447,85.71,8.790000000000001,0.6862745098039216,0.83326852031888
9457,102.86,8.8,0.6862745098039216,1.0
9467,85.71,8.81,0.6862745098039216,0.83326852031888
9477,85.71,8.82,0.6862745098039216,0.83326852031888
9487,85.71,8.83,0.6862745098039216,0.83326852031888
9497,85.71,8.84,0.6862745098039216,0.83326852031888
9507,102.86,8.85,0.6862745098039216,1.0
9517,68.57,8.86,0.6862745098039216,0.6666342601594399
9527,102.86,8.870000000000001,0.6862745098039216,1.0
9537,85.71,8.88,0.6862745098039216,0.83326852031888
9547,85.71,8.89,0.6862745098039216,0.83326852031888
9558,102.86,8.9,0.6862745098039216,1.0
9568,85.71,8.91,0.6862745098039216,0.83326852031888
9578,85.71,8.92,0.6862745098039216,0.83326852031888
9588,85.71,8.93,0.6862745098039216,0.83326852031888
9598,102.86,8.94,0.6862745098039216,1.0
9608,68.57,8.950000000000001,0.6862745098039216,0.6666342601594399
9618,102.86,8.96,0.6862745098039216,1.0
9628,85.71,8.97,0.6862745098039216,0.83326852031888
9638,85.71,8.98,0.6862745098039216,0.83326852031888
9648,85.71,8.99,0.6862745098039216,0.83326852031888
9658,85.71,9.0,0.6862745098039216,0.83326852031888
9668,102.86,9.01,0.6862745098039216,1.0
9678,85.71,9.02,0.6862745098039216,0.83326852031888
9688,85.71,9.03,0.6862745098039216,0.83326852031888
9698,85.71,9.040000000000001,0.6862745098039216,0.83326852031888
9708,85.71,9.05,0.6862745098039216,0.83326852031888
9718,102.86,9.06,0.6862745098039216,1.0
9728,68.57,9.07,0.6862745098039216,0.6666342601594399
9738,102.86,9.08,0.6862745098039216,1.0
9748,85.71,9.09,0.6862745098039216,0.83326852031888
9758,85.71,9.1,0.6862745098039216,0.83326852031888
9768,102.86,9.11,0.6862745098039216,1.0
9778,68.57,9.120000000000001,0.6862745098039216,0.6666342601594399
9788,102.86,9.13,0.6862745098039216,1.0
9798,85.71,9.14,0.6862745098039216,0.83326852031888
9808,85.71,9.15,0.6862745098039216,0.83326852031888
9818,85.71,9.16,0.6862745098039216,0.83326852031888
9828,85.71,9.17,0.6862745098039216,0.83326852031888
9838,85.71,9.18,0.6862745098039216,0.83326852031888
9848,102.86,9.19,0.6862745098039216,1.0
9858,85.71,9.200000000000001,0.6862745098039216,0.83326852031888
9868,85.71,9.21,0.6862745098039216,0.83326852031888
9878,85.71,9.22,0.6862745098039216,0.83326852031888
9888,85.71,9.23,0.6862745098039216,0.83326852031888
9899,102.86,9.24,0.6862745098039216,1.0
9909,85.71,9.25,0.6862745098039216,0.83326852031888
9919,85.71,9.26,0.6862745098039216,0.83326852031888
9929,102.86,9.27,0.6862745098039216,1.0
9939,85.71,9.28,0.6862745098039216,0.83326852031888
9949,85.71,9.290000000000001,0.6862745098039216,0.83326852031888
9959,85.71,9.3,0.6862745098039216,0.83326852031888
9969,85.71,9.31,0.6862745098039216,0.83326852031888
9979,102.86,9.32,0.6862745098039216,1.0
9989,85.71,9.33,0.6862745098039216,0.83326852031888
9999,85.71,9.34,0.6862745098039216,0.83326852031888
10009,85.71,9.35,0.6862745098039216,0.83326852031888
10019,85.71,9.36,0.6862745098039216,0.83326852031888
10029,85.71,9.370000000000001,0.6862745098039216,0.83326852031888
10039,85.71,9.38,0.6862745098039216,0.83326852031888
10049,102.86,9.39,0.6862745098039216,1.0
10059,85.71,9.4,0.6862745098039216,0.83326852031888
10070,85.71,9.41,0.6862745098039216,0.83326852031888
10080,102.86,9.42,0.6862745098039216,1.0
10090,85.71,9.43,0.6862745098039216,0.83326852031888
10100,85.71,9.44,0.6862745098039216,0.83326852031888
10110,85.71,9.450000000000001,0.6862745098039216,0.83326852031888
10120,85.71,9.46,0.6862745098039216,0.83326852031888
10130,102.86,9.47,0.6862745098039216,1.0
10140,85.71,9.48,0.6862745098039216,0.83326852031888
10150,85.71,9.49,0.6862745098039216,0.83326852031888
10160,85.71,9.5,0.6862745098039216,0.83326852031888
10170,85.71,9.51,0.6862745098039216,0.83326852031888
10180,85.71,9.52,0.6862745098039216,0.83326852031888
10190,102.86,9.53,0.6862745098039216,1.0
10200,85.71,9.540000000000001,0.6862745098039216,0.83326852031888
10210,85.71,9.55,0.6862745098039216,0.83326852031888
10220,85.71,9.56,0.6862745098039216,0.83326852031888
10230,85.71,9.57,0.6862745098039216,0.83326852031888
10240,85.71,9.58,0.6862745098039216,0.83326852031888
10250,85.71,9.59,0.6862745098039216,0.83326852031888
10260,102.86,9.6,0.6862745098039216,1.0
10270,85.71,9.61,0.6862745098039216,0.83326852031888
10280,85.71,9.620000000000001,0.6862745098039216,0.83326852031888
10290,85.71,9.63,0.6862745098039216,0.83326852031888
10300,85.71,9.64,0.6862745098039216,0.83326852031888
10310,102.86,9.65,0.6862745098039216,1.0
10320,85.71,9.66,0.6862745098039216,0.83326852031888
10330,85.71,9.67,0.6862745098039216,0.83326852031888
10340,85.71,9.68,0.6862745098039216,0.83326852031888
10350,85.71,9.69,0.6862745098039216,0.83326852031888
10360,102.86,9.700000000000001,0.6862745098039216,1.0
10370,68.57,9.71,0.6862745098039216,0.6666342601594399
10380,102.86,9.72,0.6862745098039216,1.0
10390,85.71,9.73,0.6862745098039216,0.83326852031888
10400,85.71,9.74,0.6862745098039216,0.83326852031888
10411,85.71,9.75,0.6862745098039216,0.83326852031888
10421,102.86,9.76,0.6862745098039216,1.0
10431,85.71,9.77,0.6862745098039216,0.83326852031888
10441,85.71,9.78,0.6862745098039216,0.83326852031888
10451,102.86,9.790000000000001,0.6862745098039216,1.0
10461,68.57,9.8,0.6862745098039216,0.6666342601594399
10471,102.86,9.81,0.6862745098039216,1.0
10481,85.71,9.82,0.6862745098039216,0.83326852031888
10491,85.71,9.83,0.6862745098039216,0.83326852031888
10501,85.71,9.84,0.6862745098039216,0.83326852031888
10511,85.71,9.85,0.6862745098039216,0.83326852031888
10521,102.86,9.86,0.6862745098039216,1.0
10531,85.71,9.870000000000001,0.6862745098039216,0.83326852031888
10541,85.71,9.88,0.6862745098039216,0.83326852031888
10551,85.71,9.89,0.6862745098039216,0.83326852031888
10561,85.71,9.9,0.6862745098039216,0.83326852031888
10571,102.86,9.91,0.6862745098039216,1.0
10582,85.71,9.92,0.6862745098039216,0.83326852031888
10592,85.71,9.93,0.6862745098039216,0.83326852031888
10602,102.86,9.94,0.6862745098039216,1.0
10612,85.71,9.950000000000001,0.6862745098039216,0.83326852031888
10622,85.71,9.96,0.6862745098039216,0.83326852031888
10632,85.71,9.97,0.6862745098039216,0.83326852031888
10642,85.71,9.98,0.6862745098039216,0.83326852031888
10652,85.71,9.99,0.6862745098039216,0.83326852031888
10662,102.86,10.0,0.6862745098039216,1.0
10672,68.57,10.01,0.6862745098039216,0.6666342601594399
10682,102.86,10.02,0.6862745098039216,1.0
10692,85.71,10.03,0.6862745098039216,0.83326852031888
10702,85.71,10.040000000000001,0.6862745098039216,0.83326852031888
10712,85.71,10.05,0.6862745098039216,0.83326852031888
10722,85.71,10.06,0.6862745098039216,0.83326852031888
10732,102.86,10.07,0.6862745098039216,1.0
10742,85.71,10.08,0.6862745098039216,0.83326852031888
10752,85.71,10.09,0.6862745098039216,0.83326852031888
10762,85.71,10.1,0.6862745098039216,0.83326852031888
10772,85.71,10.11,0.6862745098039216,0.83326852031888
10782,102.86,10.120000000000001,0.6862745098039216,1.0
10792,85.71,10.13,0.6862745098039216,0.83326852031888
10802,85.71,10.14,0.6862745098039216,0.83326852031888
10812,85.71,10.15,0.6862745098039216,0.83326852031888
10822,85.71,10.16,0.6862745098039216,0.83326852031888
10832,102.86,10.17,0.6862745098039216,1.0
10842,68.57,10.18,0.6862745098039216,0.6666342601594399
10852,102.86,10.19,0.6862745098039216,1.0
10862,85.71,10.200000000000001,0.6862745098039216,0.83326852031888
10872,85.71,10.21,0.6862745098039216,0.83326852031888
10882,85.71,10.22,0.6862745098039216,0.83326852031888
10892,85.71,10.23,0.6862745098039216,0.83326852031888
10902,102.86,10.24,0.6862745098039216,1.0
10912,85.71,10.25,0.6862745098039216,0.83326852031888
10923,85.71,10.26,0.6862745098039216,0.83326852031888
10933,102.86,10.27,0.6862745098039216,1.0
10943,85.71,10.28,0.6862745098039216,0.83326852031888
10953,85.71,10.290000000000001,0.6862745098039216,0.83326852031888
10963,85.71,10.3,0.6862745098039216,0.83326852031888
10973,85.71,10.31,0.6862745098039216,0.83326852031888
10983,85.71,10.32,0.6862745098039216,0.83326852031888
10993,102.86,10.33,0.6862745098039216,1.0
11003,85.71,10.34,0.6862745098039216,0.83326852031888
11013,85.71,10.35,0.6862745098039216,0.83326852031888
11023,85.71,10.36,0.6862745098039216,0.83326852031888
11033,85.71,10.370000000000001,0.6862745098039216,0.83326852031888
11043,102.86,10.38,0.6862745098039216,1.0
11053,68.57,10.39,0.6862745098039216,0.6666342601594399
11063,102.86,10.4,0.6862745098039216,1.0
11073,85.71,10.41,0.6862745098039216,0.83326852031888
11083,85.71,10.42,0.6862745098039216,0.83326852031888
11094,102.86,10.43,0.6862745098039216,1.0
11104,85.71,10.44,0.6862745098039216,0.83326852031888
11114,85.71,10.450000000000001,0.6862745098039216,0.83326852031888
11124,85.71,10.46,0.6862745098039216,0.83326852031888
11134,102.86,10.47,0.6862745098039216,1.0
11144,68.57,10.48,0.6862745098039216,0.6666342601594399
11154,102.86,10.49,0.6862745098039216,1.0
11164,85.71,10.5,0.6862745098039216,0.83326852031888
11174,85.71,10.51,0.6862745098039216,0.83326852031888
11184,85.71,10.52,0.6862745098039216,0.83326852031888
11194,85.71,10.53,0.6862745098039216,0.83326852031888
11204,102.86,10.540000000000001,0.6862745098039216,1.0
11214,85.71,10.55,0.6862745098039216,0.83326852031888
11224,85.71,10.56,0.6862745098039216,0.83326852031888
11234,85.71,10.57,0.6862745098039216,0.83326852031888
11244,85.71,10.58,0.6862745098039216,0.83326852031888
11254,102.86,10.59,0.6862745098039216,1.0
11264,68.57,10.6,0.6862745098039216,0.6666342601594399
11274,102.86,10.61,0.6862745098039216,1.0
11284,85.71,10.620000000000001,0.6862745098039216,0.83326852031888
11294,85.71,10.63,0.6862745098039216,0.83326852031888
11304,102.86,10.64,0.6862745098039216,1.0
11314,68.57,10.65,0.6862745098039216,0.6666342601594399
11324,102.86,10.66,0.6862745098039216,1.0
11334,85.71,10.67,0.6862745098039216,0.83326852031888
11344,85.71,10.68,0.6862745098039216,0.83326852031888
11354,85.71,10.69,0.6862745098039216,0.83326852031888
11364,85.71,10.700000000000001,0.6862745098039216,0.83326852031888
11374,102.86,10.71,0.6862745098039216,1.0
11384,85.71,10.72,0.6862745098039216,0.83326852031888
11394,85.71,10.73,0.6862745098039216,0.83326852031888
11404,85.71,10.74,0.6862745098039216,0.83326852031888
11414,85.71,10.75,0.6862745098039216,0.83326852031888
11424,85.71,10.76,0.6862745098039216,0.83326852031888
11435,102.86,10.77,0.6862745098039216,1.0
11445,85.71,10.78,0.6862745098039216,0.83326852031888
11455,85.71,10.790000000000001,0.6862745098039216,0.83326852031888
11465,102.86,10.8,0.6862745098039216,1.0
11475,85.71,10.81,0.6862745098039216,0.83326852031888
11485,85.71,10.82,0.6862745098039216,0.83326852031888
11495,85.71,10.83,0.6862745098039216,0.83326852031888
11505,85.71,10.84,0.6862745098039216,0.83326852031888
11515,102.86,10.85,0.6862745098039216,1.0
11525,68.57,10.86,0.6862745098039216,0.6666342601594399
11535,102.86,10.870000000000001,0.6862745098039216,1.0
11545,85.71,10.88,0.6862745098039216,0.83326852031888
11555,85.71,10.89,0.6862745098039216,0.83326852031888
11565,85.71,10.9,0.6862745098039216,0.83326852031888
11575,85.71,10.91,0.6862745098039216,0.83326852031888
11585,102.86,10.92,0.6862745098039216,1.0
11595,85.71,10.93,0.6862745098039216,0.83326852031888
11606,85.71,10.94,0.6862745098039216,0.83326852031888
11616,85.71,10.950000000000001,0.6862745098039216,0.83326852031888
11626,102.86,10.96,0.6862745098039216,1.0
11636,85.71,10.97,0.6862745098039216,0.83326852031888
11646,85.71,10.98,0.6862745098039216,0.83326852031888
11656,85.71,10.99,0.6862745098039216,0.83326852031888
11666,85.71,11.0,0.6862745098039216,0.83326852031888
11676,102.86,11.01,0.6862745098039216,1.0
11686,85.71,11.02,0.6862745098039216,0.83326852031888
11696,85.71,11.03,0.6862745098039216,0.83326852031888
11706,85.71,11.040000000000001,0.6862745098039216,0.83326852031888
11716,85.71,11.05,0.6862745098039216,0.83326852031888
11726,102.86,11.06,0.6862745098039216,1.0
11736,68.57,11.07,0.6862745098039216,0.6666342601594399
11746,102.86,11.08,0.6862745098039216,1.0
11756,85.71,11.09,0.6862745098039216,0.83326852031888
11766,85.71,11.1,0.6862745098039216,0.83326852031888
11776,85.71,11.11,0.6862745098039216,0.83326852031888
11786,85.71,11.120000000000001,0.6862745098039216,0.83326852031888
11796,85.71,11.13,0.6862745098039216,0.83326852031888
11806,102.86,11.14,0.6862745098039216,1.0
11816,85.71,11.15,0.6862745098039216,0.83326852031888
11826,85.71,11.16,0.6862745098039216,0.83326852031888
11836,85.71,11.17,0.6862745098039216,0.83326852031888
11846,85.71,11.18,0.6862745098039216,0.83326852031888
11856,102.86,11.19,0.6862745098039216,1.0
11866,68.57,11.200000000000001,0.6862745098039216,0.6666342601594399
11876,102.86,11.21,0.6862745098039216,1.0
11886,85.71,11.22,0.6862745098039216,0.83326852031888
11896,85.71,11.23,0.6862745098039216,0.83326852031888
11906,85.71,11.24,0.6862745098039216,0.83326852031888
11916,85.71,11.25,0.6862745098039216,0.83326852031888
11926,102.86,11.26,0.6862745098039216,1.0
11936,85.71,11.27,0.6862745098039216,0.83326852031888
11947,85.71,11.28,0.6862745098039216,0.83326852031888
11957,85.71,11.290000000000001,0.6862745098039216,0.83326852031888
11967,102.86,11.3,0.6862745098039216,1.0
11977,85.71,11.31,0.6862745098039216,0.83326852031888
11987,85.71,11.32,0.6862745098039216,0.83326852031888
11997,85.71,11.33,0.6862745098039216,0.83326852031888
12007,85.71,11.34,0.6862745098039216,0.83326852031888
12017,102.86,11.35,0.6862745098039216,1.0
12027,85.71,11.36,0.6862745098039216,0.83326852031888
12037,85.71,11.370000000000001,0.6862745098039216,0.83326852031888
12047,85.71,11.38,0.6862745098039216,0.83326852031888
12057,85.71,11.39,0.6862745098039216,0.83326852031888
12067,102.86,11.4,0.6862745098039216,1.0
12077,68.57,11.41,0.6862745098039216,0.6666342601594399
12087,102.86,11.42,0.6862745098039216,1.0
12097,85.71,11.43,0.6862745098039216,0.83326852031888
12107,85.71,11.44,0.6862745098039216,0.83326852031888
12118,102.86,11.450000000000001,0.6862745098039216,1.0
12128,85.71,11.46,0.6862745098039216,0.83326852031888
12138,85.71,11.47,0.6862745098039216,0.83326852031888
12148,85.71,11.48,0.6862745098039216,0.83326852031888
12158,102.86,11.49,0.6862745098039216,1.0
12168,68.57,11.5,0.6862745098039216,0.6666342601594399
12178,102.86,11.51,0.6862745098039216,1.0
12188,85.71,11.52,0.6862745098039216,0.83326852031888
12198,85.71,11.53,0.6862745098039216,0.83326852031888
12208,85.71,11.540000000000001,0.6862745098039216,0.83326852031888
12218,85.71,11.55,0.6862745098039216,0.83326852031888
12228,102.86,11.56,0.6862745098039216,1.0
12238,85.71,11.57,0.6862745098039216,0.83326852031888
12248,85.71,11.58,0.6862745098039216,0.83326852031888
12258,85.71,11.59,0.6862745098039216,0.83326852031888
12268,85.71,11.6,0.6862745098039216,0.83326852031888
12278,102.86,11.61,0.6862745098039216,1.0
12288,68.57,11.620000000000001,0.6862745098039216,0.6666342601594399
12298,102.86,11.63,0.6862745098039216,1.0
12308,85.71,11.64,0.6862745098039216,0.83326852031888
12318,85.71,11.65,0.6862745098039216,0.83326852031888
12328,85.71,11.66,0.6862745098039216,0.83326852031888
12338,85.71,11.67,0.6862745098039216,0.83326852031888
12348,102.86,11.68,0.6862745098039216,1.0
12358,85.71,11.69,0.6862745098039216,0.83326852031888
12368,85.71,11.700000000000001,0.6862745098039216,0.83326852031888
12378,85.71,11.71,0.6862745098039216,0.83326852031888
12388,85.71,11.72,0.6862745098039216,0.83326852031888
12398,85.71,11.73,0.6862745098039216,0.83326852031888
12408,102.86,11.74,0.6862745098039216,1.0
12418,68.57,11.75,0.6862745098039216,0.6666342601594399
12428,102.86,11.76,0.6862745098039216,1.0
12438,85.71,11.77,0.6862745098039216,0.83326852031888
12448,85.71,11.78,0.6862745098039216,0.83326852031888
12459,102.86,11.790000000000001,0.6862745098039216,1.0
12469,85.71,11.8,0.6862745098039216,0.83326852031888
12479,85.71,11.81,0.6862745098039216,0.83326852031888
12489,102.86,11.82,0.6862745098039216,1.0
12499,85.71,11.83,0.6862745098039216,0.83326852031888
12509,85.71,11.84,0.6862745098039216,0.83326852031888
12519,85.71,11.85,0.6862745098039216,0.83326852031888
12529,85.71,11.86,0.6862745098039216,0.83326852031888
12539,85.71,11.870000000000001,0.6862745098039216,0.83326852031888
12549,85.71,11.88,0.6862745098039216,0.83326852031888
12559,85.71,11.89,0.6862745098039216,0.83326852031888
12569,102.86,11.9,0.6862745098039216,1.0
12579,85.71,11.91,0.6862745098039216,0.83326852031888
12589,85.71,11.92,0.6862745098039216,0.83326852031888
12599,85.71,11.93,0.6862745098039216,0.83326852031888
12609,85.71,11.94,0.6862745098039216,0.83326852031888
12619,102.86,11.950000000000001,0.6862745098039216,1.0
12630,85.71,11.96,0.6862745098039216,0.83326852031888
12640,85.71,11.97,0.6862745098039216,0.83326852031888
12650,102.86,11.98,0.6862745098039216,1.0
12660,85.71,11.99,0.6862745098039216,0.83326852031888
12670,85.71,12.0,0.6862745098039216,0.83326852031888
12680,85.71,12.01,0.6862745098039216,0.83326852031888
12690,85.71,12.02,0.6862745098039216,0.83326852031888
12700,102.86,12.030000000000001,0.6862745098039216,1.0
12710,85.71,12.040000000000001,0.6862745098039216,0.83326852031888
12720,85.71,12.05,0.6862745098039216,0.83326852031888
12730,85.71,12.06,0.6862745098039216,0.83326852031888
12740,85.71,12.07,0.6862745098039216,0.83326852031888
12750,85.71,12.08,0.6862745098039216,0.83326852031888
12760,85.71,12.09,0.6862745098039216,0.83326852031888
12770,102.86,12.1,0.6862745098039216,1.0
12780,85.71,12.11,0.6862745098039216,0.83326852031888
12790,85.71,12.120000000000001,0.6862745098039216,0.83326852031888
12800,85.71,12.13,0.6862745098039216,0.83326852031888
12810,85.71,12.14,0.6862745098039216,0.83326852031888
12820,85.71,12.15,0.6862745098039216,0.83326852031888
12830,102.86,12.16,0.6862745098039216,1.0
12840,85.71,12.17,0.6862745098039216,0.83326852031888
12850,85.71,12.18,0.6862745098039216,0.83326852031888
12860,85.71,12.19,0.6862745098039216,0.83326852031888
12870,85.71,12.200000000000001,0.6862745098039216,0.83326852031888
12880,102.86,12.21,0.6862745098039216,1.0
12890,68.57,12.22,0.6862745098039216,0.6666342601594399
12900,102.86,12.23,0.6862745098039216,1.0
12910,85.71,12.24,0.6862745098039216,0.83326852031888
12920,85.71,12.25,0.6862745098039216,0.83326852031888
12930,85.71,12.26,0.6862745098039216,0.83326852031888
12940,85.71,12.27,0.6862745098039216,0.83326852031888
12950,102.86,12.280000000000001,0.6862745098039216,1.0
12960,85.71,12.290000000000001,0.6862745098039216,0.83326852031888
12971,85.71,12.3,0.6862745098039216,0.83326852031888
12981,85.71,12.31,0.6862745098039216,0.83326852031888
12991,102.86,12.32,0.6862745098039216,1.0
13001,85.71,12.33,0.6862745098039216,0.83326852031888
13011,85.71,12.34,0.6862745098039216,0.83326852031888
13021,85.71,12.35,0.6862745098039216,0.83326852031888
13031,85.71,12.36,0.6862745098039216,0.83326852031888
13041,102.86,12.370000000000001,0.6862745098039216,1.0
13051,85.71,12.38,0.6862745098039216,0.83326852031888
13061,85.71,12.39,0.6862745098039216,0.83326852031888
13071,85.71,12.4,0.6862745098039216,0.83326852031888
13081,85.71,12.41,0.6862745098039216,0.83326852031888
13091,102.86,12.42,0.6862745098039216,1.0
13101,68.57,12.43,0.6862745098039216,0.6666342601594399
13111,102.86,12.44,0.6862745098039216,1.0
13121,85.71,12.450000000000001,0.6862745098039216,0.83326852031888
13131,85.71,12.46,0.6862745098039216,0.83326852031888
13142,85.71,12.47,0.6862745098039216,0.83326852031888
13152,102.86,12.48,0.6862745098039216,1.0
13162,85.71,12.49,0.6862745098039216,0.83326852031888
13172,85.71,12.5,0.6862745098039216,0.83326852031888
13182,85.71,12.51,0.6862745098039216,0.83326852031888
13192,85.71,12.52,0.6862745098039216,0.83326852031888
13202,85.71,12.530000000000001,0.6862745098039216,0.83326852031888
13212,102.86,12.540000000000001,0.6862745098039216,1.0
13222,85.71,12.55,0.6862745098039216,0.83326852031888
13232,85.71,12.56,0.6862745098039216,0.83326852031888
13242,85.71,12.57,0.6862745098039216,0.83326852031888
13252,85.71,12.58,0.6862745098039216,0.83326852031888
13262,102.86,12.59,0.6862745098039216,1.0
13272,68.57,12.6,0.6862745098039216,0.6666342601594399
13282,102.86,12.61,0.6862745098039216,1.0
13292,85.71,12.620000000000001,0.6862745098039216,0.83326852031888
13302,85.71,12.63,0.6862745098039216,0.83326852031888
13312,85.71,12.64,0.6862745098039216,0.83326852031888
13322,85.71,12.65,0.6862745098039216,0.83326852031888
13332,102.86,12.66,0.6862745098039216,1.0
13342,85.71,12.67,0.6862745098039216,0.83326852031888
13352,85.71,12.68,0.6862745098039216,0.83326852031888
13362,85.71,12.69,0.6862745098039216,0.83326852031888
13372,85.71,12.700000000000001,0.6862745098039216,0.83326852031888
13382,102.86,12.71,0.6862745098039216,1.0
13392,85.71,12.72,0.6862745098039216,0.83326852031888
13402,85.71,12.73,0.6862745098039216,0.83326852031888
13412,85.71,12.74,0.6862745098039216,0.83326852031888
13422,85.71,12.75,0.6862745098039216,0.83326852031888
13432,85.71,12.76,0.6862745098039216,0.83326852031888
13442,85.71,12.77,0.6862745098039216,0.83326852031888
13452,102.86,12.780000000000001,0.6862745098039216,1.0
13462,85.71,12.790000000000001,0.6862745098039216,0.83326852031888
13472,85.71,12.8,0.6862745098039216,0.83326852031888
13483,85.71,12.81,0.6862745098039216,0.83326852031888
13493,102.86,12.82,0.6862745098039216,1.0
13503,85.71,12.83,0.6862745098039216,0.83326852031888
13513,85.71,12.84,0.6862745098039216,0.83326852031888
13523,102.86,12.85,0.6862745098039216,1.0
13533,68.57,12.86,0.6862745098039216,0.6666342601594399
13543,102.86,12.870000000000001,0.6862745098039216,1.0
13553,85.71,12.88,0.6862745098039216,0.83326852031888
13563,85.71,12.89,0.6862745098039216,0.83326852031888
13573,85.71,12.9,0.6862745098039216,0.83326852031888
13583,85.71,12.91,0.6862745098039216,0.83326852031888
13593,102.86,12.92,0.6862745098039216,1.0
13603,85.71,12.93,0.6862745098039216,0.83326852031888
13613,85.71,12.94,0.6862745098039216,0.83326852031888
13623,85.71,12.950000000000001,0.6862745098039216,0.83326852031888
13633,85.71,12.96,0.6862745098039216,0.83326852031888
13643,85.71,12.97,0.6862745098039216,0.83326852031888
13654,102.86,12.98,0.6862745098039216,1.0
13664,85.71,12.99,0.6862745098039216,0.83326852031888
13674,85.71,13.0,0.6862745098039216,0.83326852031888
13684,102.86,13.01,0.6862745098039216,1.0
13694,85.71,13.02,0.6862745098039216,0.83326852031888
13704,85.71,13.030000000000001,0.6862745098039216,0.83326852031888
13714,85.71,13.040000000000001,0.6862745098039216,0.83326852031888
13724,85.71,13.05,0.6862745098039216,0.83326852031888
13734,85.71,13.06,0.6862745098039216,0.83326852031888
13744,85.71,13.07,0.6862745098039216,0.83326852031888
13754,85.71,13.08,0.6862745098039216,0.83326852031888
13764,102.86,13.09,0.6862745098039216,1.0
13774,85.71,13.1,0.6862745098039216,0.83326852031888
13784,85.71,13.11,0.6862745098039216,0.83326852031888
13794,85.71,13.120000000000001,0.6862745098039216,0.83326852031888
13804,85.71,13.13,0.6862745098039216,0.83326852031888
13814,102.86,13.14,0.6862745098039216,1.0
13824,68.57,13.15,0.6862745098039216,0.6666342601594399
13834,102.86,13.16,0.6862745098039216,1.0
13844,85.71,13.17,0.6862745098039216,0.83326852031888
13854,85.71,13.18,0.6862745098039216,0.83326852031888
13864,102.86,13.19,0.6862745098039216,1.0
13874,68.57,13.200000000000001,0.6862745098039216,0.6666342601594399
13884,102.86,13.21,0.6862745098039216,1.0
13894,85.71,13.22,0.6862745098039216,0.83326852031888
13904,85.71,13.23,0.6862745098039216,0.83326852031888
13914,85.71,13.24,0.6862745098039216,0.83326852031888
13924,85.71,13.25,0.6862745098039216,0.83326852031888
13934,85.71,13.26,0.6862745098039216,0.83326852031888
13944,102.86,13.27,0.6862745098039216,1.0
13954,85.71,13.280000000000001,0.6862745098039216,0.83326852031888
13964,85.71,13.290000000000001,0.6862745098039216,0.83326852031888
13974,85.71,13.3,0.6862745098039216,0.83326852031888
13984,85.71,13.31,0.6862745098039216,0.83326852031888
13995,102.86,13.32,0.6862745098039216,1.0
14005,85.71,13.33,0.6862745098039216,0.83326852031888
14015,85.71,13.34,0.6862745098039216,0.83326852031888
14025,102.86,13.35,0.6862745098039216,1.0
14035,85.71,13.36,0.6862745098039216,0.83326852031888
14045,85.71,13.370000000000001,0.6862745098039216,0.83326852031888
14055,85.71,13.38,0.6862745098039216,0.83326852031888
14065,85.71,13.39,0.6862745098039216,0.83326852031888
14075,85.71,13.4,0.6862745098039216,0.83326852031888
14085,85.71,13.41,0.6862745098039216,0.83326852031888
14095,102.86,13.42,0.6862745098039216,1.0
14105,85.71,13.43,0.6862745098039216,0.83326852031888
14115,85.71,13.44,0.6862745098039216,0.83326852031888
14125,85.71,13.450000000000001,0.6862745098039216,0.83326852031888
14135,85.71,13.46,0.6862745098039216,0.83326852031888
14145,85.71,13.47,0.6862745098039216,0.83326852031888
14155,102.86,13.48,0.6862745098039216,1.0
14166,85.71,13.49,0.6862745098039216,0.83326852031888
14176,85.71,13.5,0.6862745098039216,0.83326852031888
14186,102.86,13.51,0.6862745098039216,1.0
14196,85.71,13.52,0.6862745098039216,0.83326852031888
14206,85.71,13.530000000000001,0.6862745098039216,0.83326852031888
14216,85.71,13.540000000000001,0.6862745098039216,0.83326852031888
14226,85.71,13.55,0.6862745098039216,0.83326852031888
14236,102.86,13.56,0.6862745098039216,1.0
14246,85.71,13.57,0.6862745098039216,0.83326852031888
14256,85.71,13.58,0.6862745098039216,0.83326852031888
14266,85.71,13.59,0.6862745098039216,0.83326852031888
14276,85.71,13.6,0.6862745098039216,0.83326852031888
14286,85.71,13.61,0.6862745098039216,0.83326852031888
14296,85.71,13.620000000000001,0.6862745098039216,0.83326852031888
14306,85.71,13.63,0.6862745098039216,0.83326852031888
14316,102.86,13.64,0.6862745098039216,1.0
14326,85.71,13.65,0.6862745098039216,0.83326852031888
14336,85.71,13.66,0.6862745098039216,0.83326852031888
14346,85.71,13.67,0.6862745098039216,0.83326852031888
14356,85.71,13.68,0.6862745098039216,0.83326852031888
14366,102.86,13.69,0.6862745098039216,1.0
14376,85.71,13.700000000000001,0.6862745098039216,0.83326852031888
14386,85.71,13.71,0.6862745098039216,0.83326852031888
14396,85.71,13.72,0.6862745098039216,0.83326852031888
14406,85.71,13.73,0.6862745098039216,0.83326852031888
14416,85.71,13.74,0.6862745098039216,0.83326852031888
14426,85.71,13.75,0.6862745098039216,0.83326852031888
14436,102.86,13.76,0.6862745098039216,1.0
14446,85.71,13.77,0.6862745098039216,0.83326852031888
14456,85.71,13.780000000000001,0.6862745098039216,0.83326852031888
14466,85.71,13.790000000000001,0.6862745098039216,0.83326852031888
14476,85.71,13.8,0.6862745098039216,0.83326852031888
14486,85.71,13.81,0.6862745098039216,0.83326852031888
14496,102.86,13.82,0.6862745098039216,1.0
14507,85.71,13.83,0.6862745098039216,0.83326852031888
14517,85.71,13.84,0.6862745098039216,0.83326852031888
14527,102.86,13.85,0.6862745098039216,1.0
14537,85.71,13.86,0.6862745098039216,0.83326852031888
14547,85.71,13.870000000000001,0.6862745098039216,0.83326852031888
14557,85.71,13.88,0.6862745098039216,0.83326852031888
14567,85.71,13.89,0.6862745098039216,0.83326852031888
14577,85.71,13.9,0.6862745098039216,0.83326852031888
14587,102.86,13.91,0.6862745098039216,1.0
14597,85.71,13.92,0.6862745098039216,0.83326852031888
14607,85.71,13.93,0.6862745098039216,0.83326852031888
14617,85.71,13.94,0.6862745098039216,0.83326852031888
14627,85.71,13.950000000000001,0.6862745098039216,0.83326852031888
14637,85.71,13.96,0.6862745098039216,0.83326852031888
14647,85.71,13.97,0.6862745098039216,0.83326852031888
14657,102.86,13.98,0.6862745098039216,1.0
14667,85.71,13.99,0.6862745098039216,0.83326852031888
14678,85.71,14.0,0.6862745098039216,0.83326852031888
14688,102.86,14.01,0.6862745098039216,1.0
14698,85.71,14.02,0.6862745098039216,0.83326852031888
14708,85.71,14.030000000000001,0.6862745098039216,0.83326852031888
14718,85.71,14.040000000000001,0.6862745098039216,0.83326852031888
14728,85.71,14.05,0.6862745098039216,0.83326852031888
14738,102.86,14.06,0.6862745098039216,1.0
14748,85.71,14.07,0.6862745098039216,0.83326852031888
14758,85.71,14.08,0.6862745098039216,0.83326852031888
14768,85.71,14.09,0.6862745098039216,0.83326852031888
14778,85.71,14.1,0.6862745098039216,0.83326852031888
14788,85.71,14.11,0.6862745098039216,0.83326852031888
14798,102.86,14.120000000000001,0.6862745098039216,1.0
14808,85.71,14.13,0.6862745098039216,0.83326852031888
14818,85.71,14.14,0.6862745098039216,0.83326852031888
14828,85.71,14.15,0.6862745098039216,0.83326852031888
14838,85.71,14.16,0.6862745098039216,0.83326852031888
14848,85.71,14.17,0.6862745098039216,0.83326852031888
14858,85.71,14.18,0.6862745098039216,0.83326852031888
14868,102.86,14.19,0.6862745098039216,1.0
14878,85.71,14.200000000000001,0.6862745098039216,0.83326852031888
14888,85.71,14.21,0.6862745098039216,0.83326852031888
14898,85.71,14.22,0.6862745098039216,0.83326852031888
14908,85.71,14.23,0.6862745098039216,0.83326852031888
14918,102.86,14.24,0.6862745098039216,1.0
14928,85.71,14.25,0.6862745098039216,0.83326852031888
14938,85.71,14.26,0.6862745098039216,0.83326852031888
14948,85.71,14.27,0.6862745098039216,0.83326852031888
14958,85.71,14.280000000000001,0.6862745098039216,0.83326852031888
14968,85.71,14.290000000000001,0.6862745098039216,0.83326852031888
14978,85.71,14.3,0.6862745098039216,0.83326852031888
14988,102.86,14.31,0.6862745098039216,1.0
14998,85.71,14.32,0.6862745098039216,0.83326852031888
15008,85.71,14.33,0.6862745098039216,0.83326852031888
15019,85.71,14.34,0.6862745098039216,0.83326852031888
15029,102.86,14.35,0.6862745098039216,1.0
15039,85.71,14.36,0.6862745098039216,0.83326852031888
15049,85.71,14.370000000000001,0.6862745098039216,0.83326852031888
15059,85.71,14.38,0.6862745098039216,0.83326852031888
15069,85.71,14.39,0.6862745098039216,0.83326852031888
15079,102.86,14.4,0.6862745098039216,1.0
15089,85.71,14.41,0.6862745098039216,0.83326852031888
15099,85.71,14.42,0.6862745098039216,0.83326852031888
15109,85.71,14.43,0.6862745098039216,0.83326852031888
15119,85.71,14.44,0.6862745098039216,0.83326852031888
15129,85.71,14.450000000000001,0.6862745098039216,0.83326852031888
15139,102.86,14.46,0.6862745098039216,1.0
15149,68.57,14.47,0.6862745098039216,0.6666342601594399
15159,102.86,14.48,0.6862745098039216,1.0
15169,85.71,14.49,0.6862745098039216,0.83326852031888
15179,85.71,14.5,0.6862745098039216,0.83326852031888
15190,102.86,14.51,0.6862745098039216,1.0
15200,85.71,14.52,0.6862745098039216,0.83326852031888
15210,85.71,14.530000000000001,0.6862745098039216,0.83326852031888
15220,85.71,14.540000000000001,0.6862745098039216,0.83326852031888
15230,102.86,14.55,0.6862745098039216,1.0
15240,68.57,14.56,0.6862745098039216,0.6666342601594399
15250,102.86,14.57,0.6862745098039216,1.0
15260,85.71,14.58,0.6862745098039216,0.83326852031888
15270,85.71,14.59,0.6862745098039216,0.83326852031888
15280,85.71,14.6,0.6862745098039216,0.83326852031888
15290,85.71,14.61,0.6862745098039216,0.83326852031888
15300,102.86,14.620000000000001,0.6862745098039216,1.0
15310,85.71,14.63,0.6862745098039216,0.83326852031888
15320,85.71,14.64,0.6862745098039216,0.83326852031888
15330,85.71,14.65,0.6862745098039216,0.83326852031888
15340,85.71,14.66,0.6862745098039216,0.83326852031888
15350,85.71,14.67,0.6862745098039216,0.83326852031888
15360,85.71,14.68,0.6862745098039216,0.83326852031888
15370,102.86,14.69,0.6862745098039216,1.0
15380,85.71,14.700000000000001,0.6862745098039216,0.83326852031888
15390,85.71,14.71,0.6862745098039216,0.83326852031888
15400,85.71,14.72,0.6862745098039216,0.83326852031888
15410,85.71,14.73,0.6862745098039216,0.83326852031888
15420,85.71,14.74,0.6862745098039216,0.83326852031888
15430,102.86,14.75,0.6862745098039216,1.0
15440,85.71,14.76,0.6862745098039216,0.83326852031888
15450,85.71,14.77,0.6862745098039216,0.83326852031888
15460,85.71,14.780000000000001,0.6862745098039216,0.83326852031888
15470,85.71,14.790000000000001,0.6862745098039216,0.83326852031888
15480,102.86,14.8,0.6862745098039216,1.0
15490,68.57,14.81,0.6862745098039216,0.6666342601594399
15500,102.86,14.82,0.6862745098039216,1.0
15510,85.71,14.83,0.6862745098039216,0.83326852031888
15520,85.71,14.84,0.6862745098039216,0.83326852031888
15531,102.86,14.85,0.6862745098039216,1.0
15541,85.71,14.86,0.6862745098039216,0.83326852031888
15551,85.71,14.870000000000001,0.6862745098039216,0.83326852031888
15561,85.71,14.88,0.6862745098039216,0.83326852031888
15571,102.86,14.89,0.6862745098039216,1.0
15581,68.57,14.9,0.6862745098039216,0.6666342601594399
15591,102.86,14.91,0.6862745098039216,1.0
15601,85.71,14.92,0.6862745098039216,0.83326852031888
15611,85.71,14.93,0.6862745098039216,0.83326852031888
15621,85.71,14.94,0.6862745098039216,0.83326852031888
15631,85.71,14.950000000000001,0.6862745098039216,0.83326852031888
15641,102.86,14.96,0.6862745098039216,1.0
15651,85.71,14.97,0.6862745098039216,0.83326852031888
15661,85.71,14.98,0.6862745098039216,0.83326852031888
15671,85.71,14.99,0.6862745098039216,0.83326852031888
15681,85.71,15.0,0.6862745098039216,0.83326852031888
15691,102.86,15.01,0.6862745098039216,1.0
15702,85.71,15.02,0.6862745098039216,0.83326852031888
15712,85.71,15.030000000000001,0.6862745098039216,0.83326852031888
15722,85.71,15.040000000000001,0.6862745098039216,0.83326852031888
15732,102.86,15.05,0.6862745098039216,1.0
15742,85.71,15.06,0.6862745098039216,0.83326852031888
15752,85.71,15.07,0.6862745098039216,0.83326852031888
15762,85.71,15.08,0.6862745098039216,0.83326852031888
15772,85.71,15.09,0.6862745098039216,0.83326852031888
15782,85.71,15.1,0.6862745098039216,0.83326852031888
15792,85.71,15.11,0.6862745098039216,0.83326852031888
15802,85.71,15.120000000000001,0.6862745098039216,0.83326852031888
15812,102.86,15.13,0.6862745098039216,1.0
15822,85.71,15.14,0.6862745098039216,0.83326852031888
15832,85.71,15.15,0.6862745098039216,0.83326852031888
15842,85.71,15.16,0.6862745098039216,0.83326852031888
15852,85.71,15.17,0.6862745098039216,0.83326852031888
15862,85.71,15.18,0.6862745098039216,0.83326852031888
15872,85.71,15.19,0.6862745098039216,0.83326852031888
15882,85.71,15.200000000000001,0.6862745098039216,0.83326852031888
15892,102.86,15.21,0.6862745098039216,1.0
15902,85.71,15.22,0.6862745098039216,0.83326852031888
15912,85.71,15.23,0.6862745098039216,0.83326852031888
15922,85.71,15.24,0.6862745098039216,0.83326852031888
15932,85.71,15.25,0.6862745098039216,0.83326852031888
15942,102.86,15.26,0.6862745098039216,1.0
15952,85.71,15.27,0.6862745098039216,0.83326852031888
15962,85.71,15.280000000000001,0.6862745098039216,0.83326852031888
15972,85.71,15.290000000000001,0.6862745098039216,0.83326852031888
15982,85.71,15.3,0.6862745098039216,0.83326852031888
15992,102.86,15.31,0.6862745098039216,1.0
16002,68.57,15.32,0.6862745098039216,0.6666342601594399
16012,102.86,15.33,0.6862745098039216,1.0
16022,85.71,15.34,0.6862745098039216,0.83326852031888
16032,85.71,15.35,0.6862745098039216,0.83326852031888
16043,85.71,15.36,0.6862745098039216,0.83326852031888
16053,102.86,15.370000000000001,0.6862745098039216,1.0
16063,85.71,15.38,0.6862745098039216,0.83326852031888
16073,85.71,15.39,0.6862745098039216,0.83326852031888
16083,85.71,15.4,0.6862745098039216,0.83326852031888
16093,85.71,15.41,0.6862745098039216,0.83326852031888
16103,85.71,15.42,0.6862745098039216,0.83326852031888
16113,102.86,15.43,0.6862745098039216,1.0
16123,85.71,15.44,0.6862745098039216,0.83326852031888
16133,85.71,15.450000000000001,0.6862745098039216,0.83326852031888
16143,85.71,15.46,0.6862745098039216,0.83326852031888
16153,85.71,15.47,0.6862745098039216,0.83326852031888
16163,102.86,15.48,0.6862745098039216,1.0
16173,68.57,15.49,0.6862745098039216,0.6666342601594399
16183,102.86,15.5,0.6862745098039216,1.0
16193,85.71,15.51,0.6862745098039216,0.83326852031888
16203,85.71,15.52,0.6862745098039216,0.83326852031888
16214,85.71,15.530000000000001,0.6862745098039216,0.83326852031888
16224,102.86,15.540000000000001,0.6862745098039216,1.0
16234,85.71,15.55,0.6862745098039216,0.83326852031888
16244,85.71,15.56,0.6862745098039216,0.83326852031888
16254,85.71,15.57,0.6862745098039216,0.83326852031888
16264,85.71,15.58,0.6862745098039216,0.83326852031888
16274,85.71,15.59,0.6862745098039216,0.83326852031888
16284,102.86,15.6,0.6862745098039216,1.0
16294,85.71,15.610000000000001,0.6862745098039216,0.83326852031888
16304,85.71,15.620000000000001,0.6862745098039216,0.83326852031888
16314,85.71,15.63,0.6862745098039216,0.83326852031888
16324,85.71,15.64,0.6862745098039216,0.83326852031888
16334,102.86,15.65,0.6862745098039216,1.0
16344,68.57,15.66,0.6862745098039216,0.6666342601594399
16354,102.86,15.67,0.6862745098039216,1.0
16364,85.71,15.68,0.6862745098039216,0.83326852031888
16374,85.71,15.69,0.6862745098039216,0.83326852031888
16384,85.71,15.700000000000001,0.6862745098039216,0.83326852031888
16394,85.71,15.71,0.6862745098039216,0.83326852031888
16404,85.71,15.72,0.6862745098039216,0.83326852031888
16414,85.71,15.73,0.6862745098039216,0.83326852031888
16424,85.71,15.74,0.6862745098039216,0.83326852031888
16434,68.57,15.75,0.6862745098039216,0.6666342601594399
16444,68.57,15.76,0.6862745098039216,0.6666342601594399
16454,85.71,15.77,0.6862745098039216,0.83326852031888
16464,68.57,15.780000000000001,0.6862745098039216,0.6666342601594399
16474,68.57,15.790000000000001,0.6862745098039216,0.6666342601594399
16484,68.57,15.8,0.6862745098039216,0.6666342601594399
16494,68.57,15.81,0.6862745098039216,0.6666342601594399
16504,68.57,15.82,0.6862745098039216,0.6666342601594399
16514,68.57,15.83,0.6862745098039216,0.6666342601594399
16524,51.43,15.84,0.6862745098039216,0.5
16534,68.57,15.85,0.6862745098039216,0.6666342601594399
16544,51.43,15.860000000000001,0.6862745098039216,0.5
16555,51.43,15.870000000000001,0.6862745098039216,0.5
16565,51.43,15.88,0.6862745098039216,0.5
16575,51.43,15.89,0.6862745098039216,0.5
16585,51.43,15.9,0.6862745098039216,0.5
16595,51.43,15.91,0.6862745098039216,0.5
16605,34.29,15.92,0.6862745098039216,0.33336573984056
16615,34.29,15.93,0.6862745098039216,0.33336573984056
16625,34.29,15.94,0.6862745098039216,0.33336573984056
16635,34.29,15.950000000000001,0.6862745098039216,0.33336573984056
16645,34.29,15.96,0.6862745098039216,0.33336573984056
16655,17.14,15.97,0.6862745098039216,0.16663426015944002
16665,34.29,15.98,0.6862745098039216,0.33336573984056
16675,17.14,15.99,0.6862745098039216,0.16663426015944002
16685,17.14,16.0,0.6862745098039216,0.16663426015944002
16695,17.14,16.01,0.6862745098039216,0.16663426015944002
16705,17.14,16.02,0.6862745098039216,0.16663426015944002
16715,17.14,16.03,0.6862745098039216,0.16663426015944002
